fixIdx,time,lat,lng,alt,tickLead,tickRace,zoneIdx,legIdx,togo,area
4,,,,216.0,-326.12335537319,-7702.782298502274,1,0,155.775,0.0
65,,,,985.0,413.87664462681,-6962.782298502274,52,1,155.762,0.0
66,,,,984.0,423.87664462681,-6952.782298502274,53,1,155.674,0.0
67,,,,986.0,433.87664462681,-6942.782298502274,54,1,155.598,0.0
87,,,,1148.0,633.87664462681,-6742.782298502274,74,1,155.578,0.0
93,,,,1287.0,694.87664462681,-6681.782298502274,80,1,155.55,0.0
95,,,,1343.0,714.87664462681,-6661.782298502274,82,1,155.505,0.0
96,,,,1363.0,724.87664462681,-6651.782298502274,83,1,155.493,0.0
97,,,,1397.0,734.87664462681,-6641.782298502274,84,1,155.408,0.0
98,,,,1429.0,744.87664462681,-6631.782298502274,85,1,155.36,0.0
100,,,,1508.0,764.87664462681,-6611.782298502274,87,1,155.288,0.0
103,,,,1627.0,794.87664462681,-6581.782298502274,90,1,155.213,0.0
105,,,,1693.0,814.87664462681,-6561.782298502274,92,1,155.174,0.0
106,,,,1726.0,824.87664462681,-6551.782298502274,93,1,155.065,0.0
108,,,,1786.0,844.87664462681,-6531.782298502274,95,1,154.991,0.0
110,,,,1830.0,864.87664462681,-6511.782298502274,97,1,154.901,0.0
111,,,,1828.0,874.87664462681,-6501.782298502274,98,1,154.892,0.0
113,,,,1860.0,894.87664462681,-6481.782298502274,100,1,154.89,0.0
114,,,,1859.0,904.87664462681,-6471.782298502274,101,1,154.725,0.0
115,,,,1875.0,914.87664462681,-6461.782298502274,102,1,154.7,0.0
117,,,,1918.0,934.87664462681,-6441.782298502274,104,1,154.622,0.0
120,,,,1948.0,964.87664462681,-6411.782298502274,107,1,154.49,0.0
123,,,,1970.0,994.87664462681,-6381.782298502274,110,1,154.388,0.0
124,,,,1960.0,1004.87664462681,-6371.782298502274,111,1,154.209,0.0
125,,,,1943.0,1014.87664462681,-6361.782298502274,112,1,154.029,0.0
126,,,,1937.0,1024.87664462681,-6351.782298502274,113,1,153.848,0.0
127,,,,1932.0,1034.87664462681,-6341.782298502274,114,1,153.658,0.0
128,,,,1928.0,1044.87664462681,-6331.782298502274,115,1,153.445,0.0
129,,,,1918.0,1055.87664462681,-6320.782298502274,116,1,153.234,0.0
130,,,,1907.0,1065.87664462681,-6310.782298502274,117,1,153.004,0.0
131,,,,1903.0,1075.87664462681,-6300.782298502274,118,1,152.785,0.0
132,,,,1897.0,1085.87664462681,-6290.782298502274,119,1,152.564,0.0
133,,,,1895.0,1095.87664462681,-6280.782298502274,120,1,152.345,0.0
134,,,,1881.0,1105.87664462681,-6270.782298502274,121,1,152.137,0.0
135,,,,1862.0,1115.87664462681,-6260.782298502274,122,1,151.931,0.0
136,,,,1851.0,1125.87664462681,-6250.782298502274,123,1,151.729,0.0
137,,,,1838.0,1135.87664462681,-6240.782298502274,124,1,151.51,0.0
138,,,,1833.0,1145.87664462681,-6230.782298502274,125,1,151.304,0.0
139,,,,1830.0,1155.87664462681,-6220.782298502274,126,1,151.115,0.0
140,,,,1812.0,1165.87664462681,-6210.782298502274,127,1,150.926,0.0
141,,,,1794.0,1175.87664462681,-6200.782298502274,128,1,150.727,0.0
142,,,,1769.0,1185.87664462681,-6190.782298502274,129,1,150.53,0.0
143,,,,1759.0,1195.87664462681,-6180.782298502274,130,1,150.351,0.0
144,,,,1763.0,1205.87664462681,-6170.782298502274,131,1,150.166,0.0
145,,,,1788.0,1215.87664462681,-6160.782298502274,132,1,150.006,0.0
147,,,,1829.0,1235.87664462681,-6140.782298502274,134,1,149.939,0.0
149,,,,1860.0,1255.87664462681,-6120.782298502274,136,1,149.916,0.0
150,,,,1890.0,1265.87664462681,-6110.782298502274,137,1,149.777,0.0
152,,,,1937.0,1285.87664462681,-6090.782298502274,139,1,149.773,0.0
153,,,,1959.0,1295.87664462681,-6080.782298502274,140,1,149.683,0.0
155,,,,2002.0,1315.87664462681,-6060.782298502274,142,1,149.614,0.0
157,,,,2049.0,1335.87664462681,-6040.782298502274,144,1,149.582,0.0
158,,,,2059.0,1345.87664462681,-6030.782298502274,145,1,149.519,0.0
160,,,,2094.0,1365.87664462681,-6010.782298502274,147,1,149.459,0.0
164,,,,2113.0,1405.87664462681,-5970.782298502274,151,1,149.394,0.0
166,,,,2123.0,1426.87664462681,-5949.782298502274,153,1,149.37,0.0
167,,,,2136.0,1436.87664462681,-5939.782298502274,154,1,149.331,0.0
170,,,,2167.0,1466.87664462681,-5909.782298502274,157,1,149.274,0.0
174,,,,2161.0,1506.87664462681,-5869.782298502274,161,1,149.132,0.0
175,,,,2165.0,1516.87664462681,-5859.782298502274,162,1,149.112,0.0
177,,,,2166.0,1536.87664462681,-5839.782298502274,164,1,149.067,0.0
178,,,,2178.0,1546.87664462681,-5829.782298502274,165,1,148.923,0.0
179,,,,2177.0,1556.87664462681,-5819.782298502274,166,1,148.768,0.0
180,,,,2158.0,1566.87664462681,-5809.782298502274,167,1,148.613,0.0
181,,,,2150.0,1576.87664462681,-5799.782298502274,168,1,148.489,0.0
182,,,,2145.0,1586.87664462681,-5789.782298502274,169,1,148.369,0.0
183,,,,2151.0,1596.87664462681,-5779.782298502274,170,1,148.21,0.0
184,,,,2154.0,1606.87664462681,-5769.782298502274,171,1,148.107,0.0
185,,,,2149.0,1616.87664462681,-5759.782298502274,172,1,148.026,0.0
186,,,,2145.0,1626.87664462681,-5749.782298502274,173,1,147.91,0.0
187,,,,2139.0,1636.87664462681,-5739.782298502274,174,1,147.756,0.0
188,,,,2136.0,1646.87664462681,-5729.782298502274,175,1,147.583,0.0
189,,,,2124.0,1656.87664462681,-5719.782298502274,176,1,147.426,0.0
190,,,,2105.0,1666.87664462681,-5709.782298502274,177,1,147.296,0.0
191,,,,2083.0,1676.87664462681,-5699.782298502274,178,1,147.187,0.0
192,,,,2063.0,1686.87664462681,-5689.782298502274,179,1,147.032,0.0
193,,,,2045.0,1696.87664462681,-5679.782298502274,180,1,146.876,0.0
194,,,,2034.0,1707.87664462681,-5668.782298502274,181,1,146.72,0.0
195,,,,2021.0,1717.87664462681,-5658.782298502274,182,1,146.614,0.0
196,,,,2005.0,1727.87664462681,-5648.782298502274,183,1,146.555,0.0
197,,,,1989.0,1737.87664462681,-5638.782298502274,184,1,146.52,0.0
198,,,,1975.0,1747.87664462681,-5628.782298502274,185,1,146.328,0.0
199,,,,1960.0,1757.87664462681,-5618.782298502274,186,1,146.216,0.0
200,,,,1944.0,1767.87664462681,-5608.782298502274,187,1,146.105,0.0
201,,,,1919.0,1777.87664462681,-5598.782298502274,188,1,145.914,0.0
202,,,,1917.0,1787.87664462681,-5588.782298502274,1,2,145.744,88646.24949114972
203,,,,1902.0,1797.87664462681,-5578.782298502274,2,2,145.573,89561.59721254594
204,,,,1891.0,1807.87664462681,-5568.782298502274,3,2,145.383,99942.38583266606
205,,,,1884.0,1817.87664462681,-5558.782298502274,4,2,145.162,116726.66830659626
206,,,,1872.0,1827.87664462681,-5548.782298502274,5,2,144.968,102882.43907569074
207,,,,1845.0,1837.87664462681,-5538.782298502274,6,2,144.76,110756.73949484192
208,,,,1819.0,1847.87664462681,-5528.782298502274,7,2,144.548,113336.36521637712
209,,,,1811.0,1857.87664462681,-5518.782298502274,8,2,144.338,112710.05599553301
210,,,,1818.0,1867.87664462681,-5508.782298502274,9,2,144.131,111536.67311435878
211,,,,1815.0,1877.87664462681,-5498.782298502274,10,2,143.929,109270.1115427412
212,,,,1802.0,1887.87664462681,-5488.782298502274,11,2,143.71,118922.9020902514
213,,,,1782.0,1897.87664462681,-5478.782298502274,12,2,143.495,117192.1272698111
214,,,,1754.0,1907.87664462681,-5468.782298502274,13,2,143.285,114899.58147068044
215,,,,1725.0,1917.87664462681,-5458.782298502274,14,2,143.053,127405.34333924278
216,,,,1708.0,1927.87664462681,-5448.782298502274,15,2,142.811,133368.74805177742
217,,,,1687.0,1937.87664462681,-5438.782298502274,16,2,142.568,134386.11964896717
218,,,,1662.0,1947.87664462681,-5428.782298502274,17,2,142.329,132631.6667693968
219,,,,1637.0,1957.87664462681,-5418.782298502274,18,2,142.092,131976.11225450935
220,,,,1610.0,1967.87664462681,-5408.782298502274,19,2,141.867,125729.16392961919
221,,,,1587.0,1977.87664462681,-5398.782298502274,20,2,141.643,125607.50888405905
222,,,,1581.0,1987.87664462681,-5388.782298502274,21,2,141.419,126043.08388701743
223,,,,1591.0,1997.87664462681,-5378.782298502274,22,2,141.186,131554.1134930613
224,,,,1608.0,2007.87664462681,-5368.782298502274,23,2,141.009,100290.45670230374
228,,,,1632.0,2048.87664462681,-5327.782298502274,27,2,140.869,80854.65511676835
231,,,,1677.0,2078.87664462681,-5297.782298502274,30,2,140.747,71424.28086868492
235,,,,1690.0,2118.87664462681,-5257.782298502274,34,2,140.736,6560.705300168747
236,,,,1694.0,2128.87664462681,-5247.782298502274,35,2,140.571,98813.20387455085
237,,,,1711.0,2138.87664462681,-5237.782298502274,36,2,140.529,25252.005441794
238,,,,1714.0,2148.87664462681,-5227.782298502274,37,2,140.446,50113.79106359253
239,,,,1725.0,2158.87664462681,-5217.782298502274,38,2,140.262,111506.56590942056
240,,,,1733.0,2168.87664462681,-5207.782298502274,39,2,140.094,102153.67353761086
244,,,,1762.0,2208.87664462681,-5167.782298502274,43,2,139.985,67433.93583078503
245,,,,1763.0,2218.87664462681,-5157.782298502274,44,2,139.844,87547.7505951
248,,,,1770.0,2248.87664462681,-5127.782298502274,47,2,139.732,70417.97692139343
249,,,,1757.0,2258.87664462681,-5117.782298502274,48,2,139.554,112295.32681767958
250,,,,1736.0,2268.87664462681,-5107.782298502274,49,2,139.36,122767.36332912443
251,,,,1732.0,2278.87664462681,-5097.782298502274,50,2,139.172,119331.13308127514
252,,,,1749.0,2288.87664462681,-5087.782298502274,51,2,139.006,105694.71112333144
253,,,,1757.0,2298.87664462681,-5077.782298502274,52,2,138.966,25560.933546403063
255,,,,1773.0,2318.87664462681,-5057.782298502274,54,2,138.837,83100.62461744907
256,,,,1776.0,2328.87664462681,-5047.782298502274,55,2,138.685,98239.80463384996
257,,,,1767.0,2338.87664462681,-5037.782298502274,56,2,138.501,119287.91053762335
258,,,,1741.0,2348.87664462681,-5027.782298502274,57,2,138.286,139779.7817648112
259,,,,1716.0,2359.87664462681,-5016.782298502274,58,2,138.076,136957.84814509962
260,,,,1695.0,2369.87664462681,-5006.782298502274,59,2,137.846,150397.2538138986
261,,,,1664.0,2379.87664462681,-4996.782298502274,60,2,137.642,133748.001243295
262,,,,1648.0,2389.87664462681,-4986.782298502274,61,2,137.448,127541.64623704788
263,,,,1624.0,2399.87664462681,-4976.782298502274,62,2,137.25,130529.78027609266
264,,,,1608.0,2409.87664462681,-4966.782298502274,63,2,137.05,132205.83272421928
265,,,,1598.0,2419.87664462681,-4956.782298502274,64,2,136.859,126599.76444394089
266,,,,1578.0,2429.87664462681,-4946.782298502274,65,2,136.67,125617.28672963016
267,,,,1561.0,2439.87664462681,-4936.782298502274,66,2,136.468,134617.45144593445
268,,,,1546.0,2449.87664462681,-4926.782298502274,67,2,136.287,120947.11486112734
269,,,,1528.0,2459.87664462681,-4916.782298502274,68,2,136.098,126636.3314710166
270,,,,1517.0,2469.87664462681,-4906.782298502274,69,2,135.934,110189.21927615428
271,,,,1506.0,2479.87664462681,-4896.782298502274,70,2,135.725,140799.28916516114
272,,,,1497.0,2489.87664462681,-4886.782298502274,71,2,135.538,126301.93334300103
273,,,,1488.0,2499.87664462681,-4876.782298502274,72,2,135.379,107684.19386825919
274,,,,1466.0,2509.87664462681,-4866.782298502274,73,2,135.179,135813.44104338036
275,,,,1447.0,2519.87664462681,-4856.782298502274,74,2,134.96,149077.01356171834
276,,,,1428.0,2529.87664462681,-4846.782298502274,75,2,134.757,138517.20000864033
277,,,,1405.0,2539.87664462681,-4836.782298502274,76,2,134.549,142272.8360888354
278,,,,1373.0,2549.87664462681,-4826.782298502274,77,2,134.343,141242.13472977225
279,,,,1351.0,2559.87664462681,-4816.782298502274,78,2,134.135,142952.27685359117
280,,,,1328.0,2569.87664462681,-4806.782298502274,79,2,133.954,124700.974420414
281,,,,1307.0,2579.87664462681,-4796.782298502274,80,2,133.81,99474.92494155063
282,,,,1285.0,2589.87664462681,-4786.782298502274,81,2,133.652,109445.5867657885
283,,,,1265.0,2599.87664462681,-4776.782298502274,82,2,133.459,134029.94053161063
284,,,,1248.0,2609.87664462681,-4766.782298502274,83,2,133.29,117654.75547811488
285,,,,1228.0,2620.87664462681,-4755.782298502274,84,2,133.1,132653.31257880424
286,,,,1214.0,2630.87664462681,-4745.782298502274,85,2,132.915,129472.74036477575
287,,,,1210.0,2640.87664462681,-4735.782298502274,86,2,132.716,139598.24209377266
288,,,,1197.0,2650.87664462681,-4725.782298502274,87,2,132.495,155372.20372138728
289,,,,1180.0,2660.87664462681,-4715.782298502274,88,2,132.273,156402.3272126963
290,,,,1159.0,2670.87664462681,-4705.782298502274,89,2,132.048,158842.97675648666
291,,,,1139.0,2680.87664462681,-4695.782298502274,90,2,131.836,149977.37592802092
292,,,,1127.0,2690.87664462681,-4685.782298502274,91,2,131.63,146044.62824698116
293,,,,1114.0,2700.87664462681,-4675.782298502274,92,2,131.447,130028.55008203801
294,,,,1129.0,2710.87664462681,-4665.782298502274,93,2,131.316,93313.66845014192
295,,,,1130.0,2720.87664462681,-4655.782298502274,94,2,131.287,20720.800715756493
298,,,,1117.0,2750.87664462681,-4625.782298502274,97,2,131.177,79420.66964209627
299,,,,1120.0,2760.87664462681,-4615.782298502274,98,2,131.046,94839.46168630102
300,,,,1118.0,2770.87664462681,-4605.782298502274,99,2,130.926,87107.05156154426
301,,,,1131.0,2780.87664462681,-4595.782298502274,100,2,130.752,126618.79751858598
303,,,,1133.0,2800.87664462681,-4575.782298502274,102,2,130.666,62969.163078923746
304,,,,1145.0,2810.87664462681,-4565.782298502274,103,2,130.489,129931.18475256457
305,,,,1134.0,2820.87664462681,-4555.782298502274,104,2,130.347,104481.63762785576
310,,,,1170.0,2871.87664462681,-4504.782298502274,109,2,130.306,30691.09378512601
311,,,,1181.0,2881.87664462681,-4494.782298502274,110,2,130.201,78828.64910150228
313,,,,1192.0,2901.87664462681,-4474.782298502274,112,2,130.108,70250.76849620484
314,,,,1208.0,2911.87664462681,-4464.782298502274,113,2,129.963,109807.72727249491
323,,,,1276.0,3001.87664462681,-4374.782298502274,122,2,129.81,119310.3947455034
324,,,,1274.0,3011.87664462681,-4364.782298502274,123,2,129.76,39089.64103229794
326,,,,1283.0,3031.87664462681,-4344.782298502274,125,2,129.723,29108.656552957316
327,,,,1288.0,3041.87664462681,-4334.782298502274,126,2,129.682,32352.19845099604
328,,,,1287.0,3051.87664462681,-4324.782298502274,127,2,129.643,30865.688523835976
333,,,,1277.0,3101.87664462681,-4274.782298502274,132,2,129.529,91646.8314065025
334,,,,1269.0,3111.87664462681,-4264.782298502274,133,2,129.329,161106.8328949522
335,,,,1287.0,3121.87664462681,-4254.782298502274,134,2,129.162,134765.1616296215
337,,,,1303.0,3141.87664462681,-4234.782298502274,136,2,129.129,26780.10919378356
338,,,,1311.0,3151.87664462681,-4224.782298502274,137,2,129.002,103326.82790956336
341,,,,1333.0,3181.87664462681,-4194.782298502274,140,2,128.869,109128.32372614053
344,,,,1350.0,3212.87664462681,-4163.782298502274,143,2,128.844,20700.001967922435
345,,,,1357.0,3223.87664462681,-4152.782298502274,144,2,128.74,86363.58032946097
347,,,,1379.0,3243.87664462681,-4132.782298502274,146,2,128.718,18373.563849807764
348,,,,1390.0,3253.87664462681,-4122.782298502274,147,2,128.641,64480.91183260584
350,,,,1403.0,3273.87664462681,-4102.782298502274,149,2,128.537,87564.78096201808
351,,,,1402.0,3283.87664462681,-4092.782298502274,150,2,128.503,28698.98019300284
352,,,,1402.0,3293.87664462681,-4082.782298502274,151,2,128.497,5079.157785990674
353,,,,1385.0,3303.87664462681,-4072.782298502274,152,2,128.334,138311.68463014145
354,,,,1374.0,3313.87664462681,-4062.782298502274,153,2,128.177,133457.1924824183
355,,,,1366.0,3323.87664462681,-4052.782298502274,154,2,128.033,122631.90265726087
356,,,,1352.0,3333.87664462681,-4042.782298502274,155,2,127.878,132242.23443046803
357,,,,1337.0,3343.87664462681,-4032.782298502274,156,2,127.745,113684.64667741161
358,,,,1324.0,3353.87664462681,-4022.782298502274,157,2,127.625,102777.53744860571
359,,,,1302.0,3363.87664462681,-4012.782298502274,158,2,127.497,109849.46397830168
360,,,,1284.0,3373.87664462681,-4002.782298502274,159,2,127.36,117800.28296269312
361,,,,1266.0,3383.87664462681,-3992.782298502274,160,2,127.232,110273.01410673019
362,,,,1249.0,3393.87664462681,-3982.782298502274,161,2,127.107,107899.39898971727
363,,,,1223.0,3403.87664462681,-3972.782298502274,162,2,126.96,127127.47093815358
364,,,,1207.0,3413.87664462681,-3962.782298502274,163,2,126.804,135145.76288413696
365,,,,1190.0,3423.87664462681,-3952.782298502274,164,2,126.641,141445.59984018016
366,,,,1162.0,3433.87664462681,-3942.782298502274,165,2,126.487,133858.39040437786
367,,,,1135.0,3443.87664462681,-3932.782298502274,166,2,126.332,134955.00465977634
368,,,,1104.0,3453.87664462681,-3922.782298502274,167,2,126.175,136924.10069504767
369,,,,1075.0,3463.87664462681,-3912.782298502274,168,2,126.004,149371.39817046712
370,,,,1086.0,3473.87664462681,-3902.782298502274,169,2,125.816,164460.82393018767
371,,,,1083.0,3483.87664462681,-3892.782298502274,170,2,125.646,148930.64009789648
372,,,,1079.0,3493.87664462681,-3882.782298502274,171,2,125.584,54421.5310246327
376,,,,1052.0,3533.87664462681,-3842.782298502274,175,2,125.433,133946.53016934416
377,,,,1044.0,3543.87664462681,-3832.782298502274,176,2,125.274,141267.47442917348
378,,,,1024.0,3553.87664462681,-3822.782298502274,177,2,125.1,154824.90611779783
379,,,,1001.0,3563.87664462681,-3812.782298502274,178,2,124.929,152373.39982206994
380,,,,975.0,3573.87664462681,-3802.782298502274,179,2,124.764,147241.3768694279
381,,,,972.0,3583.87664462681,-3792.782298502274,180,2,124.572,171569.1776764105
382,,,,976.0,3594.87664462681,-3781.782298502274,181,2,124.403,151260.81572871451
383,,,,965.0,3604.87664462681,-3771.782298502274,182,2,124.209,173865.8249205507
384,,,,946.0,3614.87664462681,-3761.782298502274,183,2,124.025,165109.69317641942
385,,,,920.0,3624.87664462681,-3751.782298502274,184,2,123.829,176094.27447196827
386,,,,897.0,3634.87664462681,-3741.782298502274,185,2,123.668,144838.9914513359
387,,,,883.0,3644.87664462681,-3731.782298502274,186,2,123.498,153151.22872679267
388,,,,886.0,3654.87664462681,-3721.782298502274,187,2,123.345,138033.64948521642
389,,,,891.0,3664.87664462681,-3711.782298502274,188,2,123.216,116566.4188984866
390,,,,905.0,3674.87664462681,-3701.782298502274,189,2,123.067,134853.88705562588
391,,,,914.0,3684.87664462681,-3691.782298502274,190,2,122.981,77972.46146451247
408,,,,1227.0,3854.87664462681,-3521.782298502274,207,2,122.968,12325.339726292636
409,,,,1253.0,3864.87664462681,-3511.782298502274,208,2,122.862,100710.87830816084
411,,,,1300.0,3884.87664462681,-3491.782298502274,210,2,122.824,36269.47252584458
413,,,,1345.0,3904.87664462681,-3471.782298502274,212,2,122.74,80547.35878233865
421,,,,1477.0,3985.87664462681,-3390.782298502274,220,2,122.679,59670.801475100685
425,,,,1515.0,4025.87664462681,-3350.782298502274,224,2,122.64,38517.33727074643
430,,,,1526.0,4075.87664462681,-3300.782298502274,229,2,122.581,58969.94225364733
431,,,,1541.0,4085.87664462681,-3290.782298502274,230,2,122.468,113140.11840547409
432,,,,1558.0,4095.87664462681,-3280.782298502274,231,2,122.398,70205.8651324306
434,,,,1597.0,4115.87664462681,-3260.782298502274,233,2,122.355,43317.04572529296
437,,,,1615.0,4145.87664462681,-3230.782298502274,236,2,122.34,15217.129283354936
438,,,,1619.0,4155.87664462681,-3220.782298502274,237,2,122.265,76241.11549942345
439,,,,1619.0,4165.87664462681,-3210.782298502274,238,2,122.141,126252.490653621
440,,,,1633.0,4175.87664462681,-3200.782298502274,239,2,122.035,108082.7786913189
441,,,,1646.0,4185.87664462681,-3190.782298502274,240,2,121.972,64347.14175280604
442,,,,1638.0,4195.87664462681,-3180.782298502274,241,2,121.966,6141.202541622081
443,,,,1637.0,4205.87664462681,-3170.782298502274,242,2,121.798,172240.540819328
444,,,,1627.0,4215.87664462681,-3160.782298502274,243,2,121.682,119071.870870313
445,,,,1611.0,4225.87664462681,-3150.782298502274,244,2,121.549,136705.9388858422
446,,,,1596.0,4235.87664462681,-3140.782298502274,245,2,121.462,89554.7218780077
447,,,,1577.0,4245.87664462681,-3130.782298502274,246,2,121.326,140195.31423621913
448,,,,1540.0,4255.87664462681,-3120.782298502274,247,2,121.149,182654.03302483403
449,,,,1512.0,4265.87664462681,-3110.782298502274,248,2,120.988,166301.1782691017
450,,,,1498.0,4275.87664462681,-3100.782298502274,249,2,120.854,138567.5989716385
451,,,,1474.0,4285.87664462681,-3090.782298502274,250,2,120.655,205980.47873086607
452,,,,1445.0,4296.87664462681,-3079.782298502274,251,2,120.484,177180.71586268832
453,,,,1452.0,4306.87664462681,-3069.782298502274,252,2,120.336,153502.9409667322
454,,,,1460.0,4316.87664462681,-3059.782298502274,253,2,120.187,154707.9100581415
455,,,,1460.0,4326.87664462681,-3049.782298502274,254,2,120.048,144485.94229034273
456,,,,1453.0,4336.87664462681,-3039.782298502274,255,2,119.927,125929.77870810748
457,,,,1436.0,4346.87664462681,-3029.782298502274,256,2,119.78,153170.58369847893
458,,,,1450.0,4356.87664462681,-3019.782298502274,257,2,119.595,192941.55915939776
459,,,,1461.0,4366.87664462681,-3009.782298502274,258,2,119.406,197257.01025411612
460,,,,1492.0,4376.87664462681,-2999.782298502274,259,2,119.229,184872.24458202883
462,,,,1553.0,4396.87664462681,-2979.782298502274,261,2,119.16,72323.52482408265
464,,,,1611.0,4416.87664462681,-2959.782298502274,263,2,119.135,26312.990500774667
466,,,,1659.0,4436.87664462681,-2939.782298502274,265,2,119.113,23255.693710244952
467,,,,1685.0,4446.87664462681,-2929.782298502274,266,2,119.023,95306.52749804012
469,,,,1721.0,4466.87664462681,-2909.782298502274,268,2,118.923,106287.54300823105
470,,,,1743.0,4476.87664462681,-2899.782298502274,269,2,118.811,119202.24873016996
473,,,,1803.0,4506.87664462681,-2869.782298502274,272,2,118.692,127377.21012374232
475,,,,1840.0,4526.87664462681,-2849.782298502274,274,2,118.646,49422.39305778383
476,,,,1859.0,4536.87664462681,-2839.782298502274,275,2,118.523,132348.799122333
478,,,,1901.0,4556.87664462681,-2819.782298502274,277,2,118.403,129557.10670857177
479,,,,1918.0,4566.87664462681,-2809.782298502274,278,2,118.26,154555.93401066677
480,,,,1932.0,4576.87664462681,-2799.782298502274,279,2,118.122,149300.99319140977
481,,,,1944.0,4586.87664462681,-2789.782298502274,280,2,117.99,142958.19361773395
482,,,,1962.0,4596.87664462681,-2779.782298502274,281,2,117.848,153944.78356439623
483,,,,1975.0,4606.87664462681,-2769.782298502274,282,2,117.687,174697.99116924175
484,,,,1966.0,4616.87664462681,-2759.782298502274,283,2,117.51,192199.96990496552
485,,,,1947.0,4626.87664462681,-2749.782298502274,284,2,117.343,181468.18872363196
486,,,,1934.0,4636.87664462681,-2739.782298502274,285,2,117.18,177255.03807643
487,,,,1932.0,4646.87664462681,-2729.782298502274,286,2,116.951,249146.933531449
488,,,,1923.0,4656.87664462681,-2719.782298502274,287,2,116.728,242671.78386906275
489,,,,1909.0,4666.87664462681,-2709.782298502274,288,2,116.5,248165.75778464286
490,,,,1895.0,4676.87664462681,-2699.782298502274,289,2,116.287,231896.52577968722
491,,,,1880.0,4686.87664462681,-2689.782298502274,290,2,116.092,212380.68302134608
492,,,,1868.0,4696.87664462681,-2679.782298502274,291,2,115.887,223363.2331644941
493,,,,1839.0,4707.87664462681,-2668.782298502274,292,2,115.682,223490.64877751324
494,,,,1837.0,4717.87664462681,-2658.782298502274,293,2,115.491,208313.3282355506
495,,,,1843.0,4727.87664462681,-2648.782298502274,294,2,115.3,208409.91332980536
496,,,,1835.0,4737.87664462681,-2638.782298502274,295,2,115.13,185597.31558763236
497,,,,1817.0,4747.87664462681,-2628.782298502274,296,2,114.945,202088.02801731744
498,,,,1853.0,4757.87664462681,-2618.782298502274,297,2,114.796,162868.82139375346
499,,,,1874.0,4767.87664462681,-2608.782298502274,298,2,114.727,75509.27722622573
500,,,,1891.0,4777.87664462681,-2598.782298502274,299,2,114.587,153388.76068403394
501,,,,1908.0,4787.87664462681,-2588.782298502274,300,2,114.493,103099.83748461341
504,,,,1951.0,4817.87664462681,-2558.782298502274,303,2,114.469,26474.65613537005
505,,,,1978.0,4827.87664462681,-2548.782298502274,304,2,114.312,173410.6521215916
508,,,,2031.0,4857.87664462681,-2518.782298502274,307,2,114.201,123219.76419199495
509,,,,2063.0,4867.87664462681,-2508.782298502274,308,2,114.032,187760.70524939228
511,,,,2130.0,4887.87664462681,-2488.782298502274,310,2,113.959,81350.60753820563
513,,,,2182.0,4907.87664462681,-2468.782298502274,312,2,113.854,117398.20071445304
516,,,,2250.0,4937.87664462681,-2438.782298502274,315,2,113.722,148333.97241664762
524,,,,2423.0,5017.87664462681,-2358.782298502274,323,2,113.688,38797.921143646476
525,,,,2437.0,5027.87664462681,-2348.782298502274,324,2,113.523,188494.16524988698
526,,,,2447.0,5037.87664462681,-2338.782298502274,325,2,113.383,160037.42130959738
527,,,,2461.0,5047.87664462681,-2328.782298502274,326,2,113.231,173875.76672771107
528,,,,2469.0,5057.87664462681,-2318.782298502274,327,2,113.073,180849.59915733026
529,,,,2470.0,5068.87664462681,-2307.782298502274,328,2,112.934,159238.622931277
530,,,,2457.0,5078.87664462681,-2297.782298502274,329,2,112.797,157065.00682995137
531,,,,2428.0,5088.87664462681,-2287.782298502274,330,2,112.603,222524.36236558628
532,,,,2400.0,5098.87664462681,-2277.782298502274,331,2,112.386,248940.48115535182
533,,,,2371.0,5108.87664462681,-2267.782298502274,332,2,112.185,230608.4129290504
534,,,,2352.0,5118.87664462681,-2257.782298502274,333,2,111.987,227206.74540550628
535,,,,2325.0,5128.87664462681,-2247.782298502274,334,2,111.784,232981.85269587862
536,,,,2295.0,5138.87664462681,-2237.782298502274,335,2,111.577,237599.69762765022
537,,,,2281.0,5148.87664462681,-2227.782298502274,336,2,111.367,241061.34247852553
538,,,,2265.0,5158.87664462681,-2217.782298502274,337,2,111.174,221575.88250277325
539,,,,2249.0,5168.87664462681,-2207.782298502274,338,2,110.993,207852.04096874493
540,,,,2226.0,5178.87664462681,-2197.782298502274,339,2,110.819,199880.23561583663
541,,,,2200.0,5188.87664462681,-2187.782298502274,340,2,110.658,185023.9100521455
542,,,,2172.0,5198.87664462681,-2177.782298502274,341,2,110.509,171323.17267846552
543,,,,2139.0,5208.87664462681,-2167.782298502274,342,2,110.366,164523.01993011916
544,,,,2120.0,5218.87664462681,-2157.782298502274,343,2,110.26,122050.50713132179
545,,,,2101.0,5228.87664462681,-2147.782298502274,344,2,110.091,194719.80538092024
546,,,,2089.0,5238.87664462681,-2137.782298502274,345,2,109.872,252366.62612066147
547,,,,2103.0,5248.87664462681,-2127.782298502274,346,2,109.701,197079.48214490735
548,,,,2112.0,5258.87664462681,-2117.782298502274,347,2,109.555,168343.87760875173
549,,,,2108.0,5268.87664462681,-2107.782298502274,348,2,109.407,170745.19764340672
550,,,,2093.0,5278.87664462681,-2097.782298502274,349,2,109.266,162763.03874396722
551,,,,2088.0,5288.87664462681,-2087.782298502274,350,2,109.096,196331.2459185819
552,,,,2075.0,5298.87664462681,-2077.782298502274,351,2,108.945,174461.22673314429
553,,,,2067.0,5308.87664462681,-2067.782298502274,352,2,108.776,195339.3144986666
554,,,,2045.0,5318.87664462681,-2057.782298502274,353,2,108.597,206956.25094417334
555,,,,2013.0,5328.87664462681,-2047.782298502274,354,2,108.393,235887.84039597708
556,,,,1988.0,5338.87664462681,-2037.782298502274,355,2,108.206,216245.92901935795
557,,,,1982.0,5348.87664462681,-2027.782298502274,356,2,108.014,222054.5487554405
558,,,,1973.0,5358.87664462681,-2017.782298502274,357,2,107.825,218607.71488281738
559,,,,1979.0,5368.87664462681,-2007.782298502274,358,2,107.678,170080.32646141713
560,,,,1995.0,5378.87664462681,-1997.782298502274,359,2,107.489,218740.4259379366
561,,,,2019.0,5388.87664462681,-1987.782298502274,360,2,107.303,215292.69215900698
564,,,,2062.0,5418.87664462681,-1957.782298502274,363,2,107.247,65106.71910985916
572,,,,2279.0,5499.87664462681,-1876.782298502274,371,2,107.178,81372.46241716624
576,,,,2314.0,5539.87664462681,-1836.782298502274,375,2,107.06,140048.54692579797
577,,,,2308.0,5549.87664462681,-1826.782298502274,376,2,106.906,182872.67554620557
578,,,,2327.0,5559.87664462681,-1816.782298502274,377,2,106.758,175815.93154284862
579,,,,2316.0,5569.87664462681,-1806.782298502274,378,2,106.609,177075.75263508028
580,,,,2314.0,5579.87664462681,-1796.782298502274,379,2,106.42,224659.67738662232
581,,,,2311.0,5589.87664462681,-1786.782298502274,380,2,106.243,210410.508827108
582,,,,2308.0,5599.87664462681,-1776.782298502274,381,2,106.079,194992.22946623614
583,,,,2291.0,5609.87664462681,-1766.782298502274,382,2,105.855,266318.8856837113
584,,,,2271.0,5619.87664462681,-1756.782298502274,383,2,105.652,241294.57964344532
585,,,,2261.0,5629.87664462681,-1746.782298502274,384,2,105.455,234135.75465699795
586,,,,2248.0,5639.87664462681,-1736.782298502274,385,2,105.248,245986.15823112262
587,,,,2222.0,5649.87664462681,-1726.782298502274,386,2,105.015,276794.68301250075
588,,,,2208.0,5659.87664462681,-1716.782298502274,387,2,104.789,268367.03565813694
589,,,,2184.0,5669.87664462681,-1706.782298502274,388,2,104.542,293159.5941304044
590,,,,2179.0,5679.87664462681,-1696.782298502274,389,2,104.305,281135.3718312828
591,,,,2166.0,5689.87664462681,-1686.782298502274,390,2,104.072,276253.98615953926
592,,,,2158.0,5699.87664462681,-1676.782298502274,391,2,103.848,265466.5108369851
593,,,,2139.0,5709.87664462681,-1666.782298502274,392,2,103.609,283108.37709638337
594,,,,2122.0,5719.87664462681,-1656.782298502274,393,2,103.366,287680.7668507511
595,,,,2106.0,5729.87664462681,-1646.782298502274,394,2,103.119,292233.9940045443
596,,,,2115.0,5739.87664462681,-1636.782298502274,395,2,102.889,271965.9167954491
597,,,,2109.0,5749.87664462681,-1626.782298502274,396,2,102.675,252941.0755112764
598,,,,2066.0,5759.87664462681,-1616.782298502274,397,2,102.443,274097.4156014736
599,,,,2036.0,5769.87664462681,-1606.782298502274,398,2,102.222,260977.08856743696
600,,,,2008.0,5779.87664462681,-1596.782298502274,399,2,102.018,240818.3292033026
601,,,,1989.0,5789.87664462681,-1586.782298502274,400,2,101.807,249005.65909621184
602,,,,1977.0,5799.87664462681,-1576.782298502274,401,2,101.577,271308.48564288387
603,,,,1958.0,5809.87664462681,-1566.782298502274,402,2,101.353,264095.61191868695
604,,,,1934.0,5819.87664462681,-1556.782298502274,403,2,101.13,262789.01642737415
605,,,,1921.0,5829.87664462681,-1546.782298502274,404,2,100.909,260307.60087621765
606,,,,1901.0,5839.87664462681,-1536.782298502274,405,2,100.688,260183.65623583394
607,,,,1890.0,5850.87664462681,-1525.782298502274,406,2,100.472,254223.86669996553
608,,,,1879.0,5860.87664462681,-1515.782298502274,407,2,100.265,243534.42256757006
609,,,,1861.0,5870.87664462681,-1505.782298502274,408,2,100.045,258718.96615074185
610,,,,1841.0,5880.87664462681,-1495.782298502274,409,2,99.834,248022.8497416357
611,,,,1819.0,5890.87664462681,-1485.782298502274,410,2,99.625,245572.5682140731
612,,,,1799.0,5900.87664462681,-1475.782298502274,411,2,99.427,232567.09697751078
613,,,,1778.0,5910.87664462681,-1465.782298502274,412,2,99.208,257129.42912490253
614,,,,1757.0,5920.87664462681,-1455.782298502274,413,2,98.968,281610.15598212904
615,,,,1736.0,5930.87664462681,-1445.782298502274,414,2,98.74,267348.64120155014
616,,,,1713.0,5940.87664462681,-1435.782298502274,415,2,98.504,276545.3364026821
617,,,,1681.0,5950.87664462681,-1425.782298502274,416,2,98.293,247105.1955878816
618,,,,1652.0,5960.87664462681,-1415.782298502274,417,2,98.078,251666.81113013643
619,,,,1624.0,5970.87664462681,-1405.782298502274,418,2,97.847,270233.96552426554
620,,,,1606.0,5980.87664462681,-1395.782298502274,419,2,97.616,270048.26115698105
621,,,,1596.0,5990.87664462681,-1385.782298502274,420,2,97.369,288528.3773904818
622,,,,1588.0,6000.87664462681,-1375.782298502274,421,2,97.156,248639.27274004728
623,,,,1601.0,6010.87664462681,-1365.782298502274,422,2,96.979,206545.11212062658
624,,,,1622.0,6020.87664462681,-1355.782298502274,423,2,96.818,187859.28080689904
625,,,,1623.0,6030.87664462681,-1345.782298502274,424,2,96.662,182029.22605956398
626,,,,1660.0,6040.87664462681,-1335.782298502274,425,2,96.487,204188.1245307924
627,,,,1665.0,6050.87664462681,-1325.782298502274,426,2,96.447,46696.79338216787
630,,,,1728.0,6080.87664462681,-1295.782298502274,429,2,96.431,18765.877207403544
631,,,,1747.0,6090.87664462681,-1285.782298502274,430,2,96.415,18793.619158544814
633,,,,1784.0,6110.87664462681,-1265.782298502274,432,2,96.346,81277.76980975177
635,,,,1839.0,6130.87664462681,-1245.782298502274,434,2,96.263,98011.54763052693
637,,,,1894.0,6150.87664462681,-1225.782298502274,436,2,96.219,52093.05368569973
638,,,,1918.0,6160.87664462681,-1215.782298502274,437,2,96.121,116128.3353550958
640,,,,1950.0,6180.87664462681,-1195.782298502274,439,2,96.011,130629.86106339753
641,,,,1957.0,6190.87664462681,-1185.782298502274,440,2,95.971,47541.47519954031
642,,,,1959.0,6200.87664462681,-1175.782298502274,441,2,95.808,193839.26129086735
643,,,,1957.0,6210.87664462681,-1165.782298502274,442,2,95.641,198574.04249710732
644,,,,1973.0,6221.87664462681,-1154.782298502274,443,2,95.446,231839.34976641042
645,,,,1996.0,6231.87664462681,-1144.782298502274,444,2,95.272,206804.4026843198
646,,,,1997.0,6241.87664462681,-1134.782298502274,445,2,95.258,16649.706599422345
647,,,,2005.0,6251.87664462681,-1124.782298502274,446,2,95.206,61919.386528585506
648,,,,2031.0,6261.87664462681,-1114.782298502274,447,2,94.987,260821.35792306988
649,,,,2037.0,6271.87664462681,-1104.782298502274,448,2,94.933,64322.359866751794
651,,,,2074.0,6291.87664462681,-1084.782298502274,450,2,94.746,223172.69470425765
652,,,,2074.0,6301.87664462681,-1074.782298502274,451,2,94.741,5970.618498796572
653,,,,2092.0,6311.87664462681,-1064.782298502274,452,2,94.615,150594.15595391995
654,,,,2088.0,6321.87664462681,-1054.782298502274,453,2,94.44,209156.91808373286
655,,,,2071.0,6331.87664462681,-1044.782298502274,454,2,94.302,164922.56650909045
656,,,,2063.0,6341.87664462681,-1034.782298502274,455,2,94.12,217480.73276636744
657,,,,2042.0,6351.87664462681,-1024.782298502274,456,2,93.883,283018.7319622972
658,,,,2022.0,6361.87664462681,-1014.782298502274,457,2,93.664,261300.04251628448
659,,,,2024.0,6371.87664462681,-1004.782298502274,458,2,93.47,231324.58421902824
660,,,,2008.0,6381.87664462681,-994.782298502274,459,2,93.253,258586.56413907796
661,,,,1986.0,6391.87664462681,-984.782298502274,460,2,93.018,279795.9948007502
662,,,,1964.0,6401.87664462681,-974.782298502274,461,2,92.792,268834.3900504112
663,,,,1942.0,6411.87664462681,-964.782298502274,462,2,92.589,241293.94116428873
664,,,,1930.0,6421.87664462681,-954.782298502274,463,2,92.392,234021.2572291465
665,,,,1913.0,6431.87664462681,-944.782298502274,464,2,92.191,238630.2324257174
666,,,,1894.0,6441.87664462681,-934.782298502274,465,2,91.966,266921.2523800315
667,,,,1874.0,6451.87664462681,-924.782298502274,466,2,91.746,260763.17567028836
668,,,,1851.0,6461.87664462681,-914.782298502274,467,2,91.52,267638.7564448429
669,,,,1823.0,6471.87664462681,-904.782298502274,468,2,91.272,293385.80435489543
670,,,,1803.0,6481.87664462681,-894.782298502274,469,2,91.05,262357.0944195761
671,,,,1782.0,6491.87664462681,-884.782298502274,470,2,90.832,257404.7007174111
672,,,,1761.0,6501.87664462681,-874.782298502274,471,2,90.629,239506.9186755437
673,,,,1736.0,6511.87664462681,-864.782298502274,472,2,90.415,252292.34578345908
674,,,,1717.0,6521.87664462681,-854.782298502274,473,2,90.192,262670.93625982903
675,,,,1688.0,6531.87664462681,-844.782298502274,474,2,89.968,263599.3687702841
676,,,,1670.0,6541.87664462681,-834.782298502274,475,2,89.747,259823.81282279696
677,,,,1646.0,6551.87664462681,-824.782298502274,476,2,89.519,267792.54783524614
678,,,,1625.0,6562.87664462681,-813.782298502274,477,2,89.308,247633.72330474947
679,,,,1604.0,6572.87664462681,-803.782298502274,478,2,89.104,239226.73385592538
680,,,,1578.0,6582.87664462681,-793.782298502274,479,2,88.893,247235.51405797596
681,,,,1555.0,6592.87664462681,-783.782298502274,480,2,88.654,279760.367240035
682,,,,1534.0,6602.87664462681,-773.782298502274,481,2,88.406,289938.12399699935
683,,,,1518.0,6612.87664462681,-763.782298502274,482,2,88.166,280235.72517482145
684,,,,1501.0,6622.87664462681,-753.782298502274,483,2,87.941,262425.3608824344
685,,,,1485.0,6632.87664462681,-743.782298502274,484,2,87.697,284256.3858985869
686,,,,1460.0,6642.87664462681,-733.782298502274,485,2,87.461,274598.505007417
687,,,,1442.0,6652.87664462681,-723.782298502274,486,2,87.235,262664.1920579968
688,,,,1421.0,6662.87664462681,-713.782298502274,487,2,87.003,269334.90178710397
689,,,,1399.0,6672.87664462681,-703.782298502274,488,2,86.768,272494.825142159
690,,,,1385.0,6682.87664462681,-693.782298502274,489,2,86.53,275634.73930900724
691,,,,1368.0,6692.87664462681,-683.782298502274,490,2,86.288,279909.1925450152
692,,,,1353.0,6702.87664462681,-673.782298502274,491,2,86.032,295690.1640709358
693,,,,1330.0,6712.87664462681,-663.782298502274,492,2,85.816,249176.3959351719
694,,,,1318.0,6722.87664462681,-653.782298502274,493,2,85.596,253523.98090992827
695,,,,1335.0,6732.87664462681,-643.782298502274,494,2,85.411,213003.27172802656
696,,,,1347.0,6742.87664462681,-633.782298502274,495,2,85.269,163424.13437009166
698,,,,1432.0,6762.87664462681,-613.782298502274,497,2,85.194,86461.51811047978
700,,,,1483.0,6782.87664462681,-593.782298502274,499,2,85.125,79712.44093930039
702,,,,1542.0,6802.87664462681,-573.782298502274,501,2,84.992,153918.90049847407
704,,,,1609.0,6822.87664462681,-553.782298502274,503,2,84.924,78833.48174048931
705,,,,1633.0,6832.87664462681,-543.782298502274,504,2,84.877,54530.77649532408
706,,,,1664.0,6842.87664462681,-533.782298502274,505,2,84.839,44131.13479953655
707,,,,1686.0,6852.87664462681,-523.782298502274,506,2,84.782,66256.33199228243
708,,,,1722.0,6862.87664462681,-513.782298502274,507,2,84.685,112814.0182844855
709,,,,1747.0,6872.87664462681,-503.782298502274,508,2,84.681,4656.126503181147
710,,,,1780.0,6882.87664462681,-493.782298502274,509,2,84.557,144440.6904203301
712,,,,1826.0,6903.87664462681,-472.782298502274,511,2,84.452,122515.81522233656
714,,,,1863.0,6923.87664462681,-452.782298502274,513,2,84.367,99354.96415787924
715,,,,1875.0,6933.87664462681,-442.782298502274,514,2,84.279,102904.60933366594
718,,,,1917.0,6963.87664462681,-412.782298502274,517,2,84.228,59846.56004956489
719,,,,1911.0,6973.87664462681,-402.782298502274,518,2,84.073,181925.11404093853
720,,,,1905.0,6983.87664462681,-392.782298502274,519,2,83.911,190055.0845518909
721,,,,1878.0,6993.87664462681,-382.782298502274,520,2,83.696,252027.87679683664
722,,,,1854.0,7003.87664462681,-372.782298502274,521,2,83.49,241215.72486597064
723,,,,1840.0,7013.87664462681,-362.782298502274,522,2,83.3,222270.4522558854
724,,,,1851.0,7023.87664462681,-352.782298502274,523,2,83.07,268769.342194314
725,,,,1881.0,7033.87664462681,-342.782298502274,524,2,82.862,242766.20563441102
726,,,,1888.0,7043.87664462681,-332.782298502274,525,2,82.69,200573.99299865286
727,,,,1913.0,7053.87664462681,-322.782298502274,526,2,82.629,71134.52981378828
728,,,,1941.0,7063.87664462681,-312.782298502274,527,2,82.556,85179.79183862437
729,,,,1960.0,7073.87664462681,-302.782298502274,528,2,82.542,16350.360407839447
730,,,,1981.0,7083.87664462681,-292.782298502274,529,2,82.439,120376.6204288492
731,,,,1998.0,7093.87664462681,-282.782298502274,530,2,82.405,39759.02205462373
732,,,,2018.0,7103.87664462681,-272.782298502274,531,2,82.367,44479.75857455719
733,,,,2035.0,7113.87664462681,-262.782298502274,532,2,82.196,200186.43086813
738,,,,2108.0,7163.87664462681,-212.782298502274,537,2,82.157,45918.780108801395
739,,,,2122.0,7173.87664462681,-202.782298502274,538,2,82.01,173123.9296464019
740,,,,2118.0,7183.87664462681,-192.782298502274,539,2,81.887,144822.14714220673
741,,,,2123.0,7193.87664462681,-182.782298502274,540,2,81.671,254149.07246823722
742,,,,2111.0,7203.87664462681,-172.782298502274,541,2,81.473,232703.3117595861
743,,,,2096.0,7213.87664462681,-162.782298502274,542,2,81.267,241841.1747401964
744,,,,2080.0,7223.87664462681,-152.782298502274,543,2,81.058,245076.69725484788
745,,,,2068.0,7233.87664462681,-142.782298502274,544,2,80.858,234256.07415828225
746,,,,2057.0,7243.87664462681,-132.782298502274,545,2,80.657,235168.94198764567
747,,,,2044.0,7254.87664462681,-121.782298502274,546,2,80.462,227935.2016705893
748,,,,2032.0,7264.87664462681,-111.782298502274,547,2,80.269,225364.34137772728
749,,,,2025.0,7274.87664462681,-101.782298502274,548,2,80.076,225132.58844747243
750,,,,2011.0,7284.87664462681,-91.782298502274,549,2,79.878,230718.54144529026
751,,,,2003.0,7294.87664462681,-81.782298502274,550,2,79.693,215349.3907960554
752,,,,1986.0,7304.87664462681,-71.782298502274,551,2,79.489,237212.1943051694
753,,,,1968.0,7314.87664462681,-61.782298502274,552,2,79.283,239247.90449186528
754,,,,1945.0,7324.87664462681,-51.782298502274,553,2,79.082,233160.8220551001
755,,,,1919.0,7334.87664462681,-41.782298502274,554,2,78.883,230572.10404452408
756,,,,1896.0,7344.87664462681,-31.782298502274,555,2,78.682,232616.39319062766
757,,,,1868.0,7354.87664462681,-21.782298502274,556,2,78.484,228875.43546043328
758,,,,1845.0,7364.87664462681,-11.782298502274,557,2,78.291,222843.30744054154
759,,,,1824.0,7374.87664462681,-1.782298502274,558,2,78.101,219140.6245592278
760,,,,1817.0,7377.87664462681,1.217701497726,1,3,78.039,71422.86287610311
761,,,,1815.0,7378.87664462681,2.217701497726,2,3,78.025,16122.078065333695
762,,,,1781.0,7388.87664462681,12.217701497726,3,3,77.867,181994.94774569914
763,,,,1747.0,7398.87664462681,22.217701497726,4,3,77.699,193370.29220847375
764,,,,1722.0,7408.87664462681,32.217701497726,5,3,77.513,213890.06048843364
765,,,,1699.0,7418.87664462681,42.217701497726,6,3,77.337,202191.09652200347
766,,,,1664.0,7428.87664462681,52.217701497726,7,3,77.175,185951.79527456863
767,,,,1643.0,7438.87664462681,62.217701497726,8,3,77.005,194977.42018165742
768,,,,1620.0,7448.87664462681,72.217701497726,9,3,76.856,170767.64980342094
769,,,,1609.0,7458.87664462681,82.217701497726,10,3,76.683,198124.52377709435
770,,,,1594.0,7468.87664462681,92.217701497726,11,3,76.537,167079.66680550002
771,,,,1568.0,7478.87664462681,102.217701497726,12,3,76.392,165841.88332600106
772,,,,1537.0,7488.87664462681,112.217701497726,13,3,76.239,174884.31386533368
773,,,,1507.0,7498.87664462681,122.217701497726,14,3,76.093,166778.55604627743
774,,,,1482.0,7508.87664462681,132.217701497726,15,3,75.935,180366.40076763474
775,,,,1465.0,7518.87664462681,142.217701497726,16,3,75.749,212131.7510032326
776,,,,1456.0,7528.87664462681,152.217701497726,17,3,75.595,175475.34726327343
777,,,,1445.0,7538.87664462681,162.217701497726,18,3,75.468,144633.3559660367
778,,,,1427.0,7548.87664462681,172.217701497726,19,3,75.287,205983.5926394864
779,,,,1424.0,7558.87664462681,182.217701497726,20,3,75.103,209167.4203797317
780,,,,1420.0,7568.87664462681,192.217701497726,21,3,74.925,202126.72969272954
781,,,,1426.0,7578.87664462681,202.217701497726,22,3,74.746,203046.51028375345
782,,,,1446.0,7588.87664462681,212.217701497726,23,3,74.675,80509.56513528925
784,,,,1459.0,7608.87664462681,232.217701497726,25,3,74.593,93132.46751718545
785,,,,1486.0,7619.87664462681,243.217701497726,26,3,74.577,18186.511985269775
787,,,,1530.0,7639.87664462681,263.217701497726,28,3,74.514,71759.32147591823
790,,,,1564.0,7669.87664462681,293.217701497726,31,3,74.461,60558.85327606067
792,,,,1608.0,7689.87664462681,313.217701497726,33,3,74.452,10306.1034070322
793,,,,1624.0,7699.87664462681,323.217701497726,34,3,74.407,51578.81718491456
796,,,,1669.0,7729.87664462681,353.217701497726,37,3,74.322,97720.82999568238
799,,,,1689.0,7759.87664462681,383.217701497726,40,3,74.256,76094.49883895679
803,,,,1704.0,7799.87664462681,423.217701497726,44,3,74.207,56741.66122827791
804,,,,1720.0,7809.87664462681,433.217701497726,45,3,74.177,34765.82208107399
805,,,,1724.0,7819.87664462681,443.217701497726,46,3,74.164,15080.10817743368
806,,,,1699.0,7829.87664462681,453.217701497726,47,3,74.128,41799.890425861544
807,,,,1667.0,7839.87664462681,463.217701497726,48,3,73.982,169529.96295600975
808,,,,1651.0,7849.87664462681,473.217701497726,49,3,73.858,143905.1946295563
809,,,,1628.0,7859.87664462681,483.217701497726,50,3,73.72,160072.39281358756
810,,,,1608.0,7869.87664462681,493.217701497726,51,3,73.554,192398.68335148392
811,,,,1577.0,7879.87664462681,503.217701497726,52,3,73.362,222274.55176743097
812,,,,1554.0,7889.87664462681,513.217701497726,53,3,73.189,200034.5910013818
813,,,,1525.0,7899.87664462681,523.217701497726,54,3,73.006,211350.81128919421
814,,,,1515.0,7909.87664462681,533.217701497726,55,3,72.843,188044.55859497082
815,,,,1509.0,7919.87664462681,543.217701497726,56,3,72.659,212033.8520445513
816,,,,1506.0,7929.87664462681,553.217701497726,57,3,72.486,199119.8765860961
817,,,,1507.0,7939.87664462681,563.217701497726,58,3,72.324,186263.31297916922
818,,,,1502.0,7949.87664462681,573.217701497726,59,3,72.178,167720.86893567294
819,,,,1496.0,7959.87664462681,583.217701497726,60,3,71.993,212302.92451051358
820,,,,1496.0,7969.87664462681,593.217701497726,61,3,71.902,104361.1113798434
827,,,,1573.0,8040.87664462681,664.217701497726,68,3,71.889,15030.674016903984
830,,,,1598.0,8070.87664462681,694.217701497726,71,3,71.866,26685.264057107037
831,,,,1600.0,8080.87664462681,704.217701497726,72,3,71.796,81264.04303641846
832,,,,1606.0,8090.87664462681,714.217701497726,73,3,71.664,153214.66557384323
833,,,,1615.0,8100.87664462681,724.217701497726,74,3,71.537,147326.81182116948
834,,,,1615.0,8110.87664462681,734.217701497726,75,3,71.383,178517.79946772207
835,,,,1616.0,8120.87664462681,744.217701497726,76,3,71.218,191077.44651606135
836,,,,1604.0,8130.87664462681,754.217701497726,77,3,71.098,138858.46086681035
837,,,,1590.0,8140.87664462681,764.217701497726,78,3,71.008,104118.06748152431
838,,,,1579.0,8150.87664462681,774.217701497726,79,3,70.881,146878.00650113518
839,,,,1549.0,8160.87664462681,784.217701497726,80,3,70.768,130625.74178932543
840,,,,1510.0,8170.87664462681,794.217701497726,81,3,70.642,145585.90195590685
841,,,,1478.0,8180.87664462681,804.217701497726,82,3,70.508,154733.91894413633
842,,,,1442.0,8190.87664462681,814.217701497726,83,3,70.328,207642.65456207053
843,,,,1424.0,8200.87664462681,824.217701497726,84,3,70.151,203913.01817842145
844,,,,1406.0,8210.87664462681,834.217701497726,85,3,69.958,222030.61914978691
845,,,,1383.0,8220.87664462681,844.217701497726,86,3,69.779,205628.1545045511
846,,,,1367.0,8230.87664462681,854.217701497726,87,3,69.611,192746.7184430722
847,,,,1368.0,8240.87664462681,864.217701497726,88,3,69.496,131831.8171514821
848,,,,1357.0,8250.87664462681,874.217701497726,89,3,69.415,92837.13957210936
849,,,,1344.0,8260.87664462681,884.217701497726,90,3,69.37,51591.85943060589
850,,,,1333.0,8270.87664462681,894.217701497726,91,3,69.345,28682.366343991718
851,,,,1309.0,8280.87664462681,904.217701497726,92,3,69.17,200729.48497533117
852,,,,1288.0,8290.87664462681,914.217701497726,93,3,68.942,261075.858572545
853,,,,1278.0,8300.87664462681,924.217701497726,94,3,68.725,247978.2223527756
854,,,,1257.0,8310.87664462681,934.217701497726,95,3,68.496,261157.73812798387
855,,,,1239.0,8320.87664462681,944.217701497726,96,3,68.27,257190.94143045976
856,,,,1219.0,8330.87664462681,954.217701497726,97,3,68.057,241909.08853071733
857,,,,1186.0,8340.87664462681,964.217701497726,98,3,67.852,232388.041798388
858,,,,1155.0,8351.87664462681,975.217701497726,99,3,67.628,253458.74351034925
859,,,,1121.0,8361.87664462681,985.217701497726,100,3,67.4,257431.9453421062
860,,,,1088.0,8371.87664462681,995.217701497726,101,3,67.184,243371.6596095474
861,,,,1057.0,8381.87664462681,1005.217701497726,102,3,66.971,239512.25084835384
862,,,,1030.0,8391.87664462681,1015.217701497726,103,3,66.759,237916.08070142366
863,,,,1000.0,8401.87664462681,1025.217701497726,104,3,66.546,238562.5913818442
864,,,,973.0,8411.87664462681,1035.217701497726,105,3,66.337,233619.23947110394
865,,,,931.0,8421.87664462681,1045.217701497726,106,3,66.126,235388.86670118777
866,,,,917.0,8431.87664462681,1055.217701497726,107,3,65.916,233805.9897410696
867,,,,925.0,8441.87664462681,1065.217701497726,108,3,65.727,210038.3397872989
868,,,,925.0,8451.87664462681,1075.217701497726,109,3,65.531,217437.77922560117
872,,,,869.0,8491.87664462681,1115.217701497726,113,3,65.395,151205.8120541307
873,,,,863.0,8501.87664462681,1125.217701497726,114,3,65.192,225377.61677455512
874,,,,844.0,8511.87664462681,1135.217701497726,115,3,64.977,238216.23125518986
875,,,,818.0,8521.87664462681,1145.217701497726,116,3,64.767,232189.09630990555
876,,,,815.0,8531.87664462681,1155.217701497726,117,3,64.584,201960.03998221137
877,,,,810.0,8541.87664462681,1165.217701497726,118,3,64.476,119060.7767736024
878,,,,806.0,8551.87664462681,1175.217701497726,119,3,64.377,109091.56116772385
879,,,,800.0,8561.87664462681,1185.217701497726,120,3,64.282,104648.4362859976
880,,,,803.0,8571.87664462681,1195.217701497726,121,3,64.226,61687.06453546843
881,,,,784.0,8581.87664462681,1205.217701497726,122,3,64.206,22043.751624449822
882,,,,796.0,8591.87664462681,1215.217701497726,123,3,64.199,7722.6794438786565
884,,,,844.0,8611.87664462681,1235.217701497726,125,3,64.173,28743.619544220703
885,,,,862.0,8621.87664462681,1245.217701497726,126,3,64.114,65258.40665744236
886,,,,879.0,8631.87664462681,1255.217701497726,127,3,64.028,95125.11058163446
887,,,,894.0,8641.87664462681,1265.217701497726,128,3,63.951,85160.36229491331
888,,,,914.0,8651.87664462681,1275.217701497726,129,3,63.93,23234.623381022822
889,,,,925.0,8661.87664462681,1285.217701497726,130,3,63.859,78589.37137235302
890,,,,941.0,8671.87664462681,1295.217701497726,131,3,63.82,43181.444986264585
891,,,,951.0,8681.87664462681,1305.217701497726,132,3,63.647,191450.92925509368
892,,,,948.0,8691.87664462681,1315.217701497726,133,3,63.558,98402.86500359653
899,,,,884.0,8761.87664462681,1385.217701497726,140,3,63.393,183534.28531548203
900,,,,866.0,8772.87664462681,1396.217701497726,141,3,63.35,47811.730296506415
914,,,,1040.0,8912.87664462681,1536.217701497726,155,3,63.252,110582.0248783771
916,,,,1064.0,8932.87664462681,1556.217701497726,157,3,63.137,129836.9948173421
917,,,,1073.0,8942.87664462681,1566.217701497726,158,3,63.116,23710.365105296336
919,,,,1094.0,8962.87664462681,1586.217701497726,160,3,63.026,101753.56671358217
922,,,,1137.0,8992.87664462681,1616.217701497726,163,3,62.873,173225.7090323328
925,,,,1172.0,9022.87664462681,1646.217701497726,166,3,62.798,85043.54481051235
928,,,,1241.0,9052.87664462681,1676.217701497726,169,3,62.774,27282.9078244589
929,,,,1262.0,9062.87664462681,1686.217701497726,170,3,62.75,27302.604670564288
930,,,,1282.0,9072.87664462681,1696.217701497726,171,3,62.71,45531.324153394205
932,,,,1322.0,9092.87664462681,1716.217701497726,173,3,62.628,93454.0037765081
934,,,,1364.0,9112.87664462681,1736.217701497726,175,3,62.508,136841.87181623952
935,,,,1379.0,9122.87664462681,1746.217701497726,176,3,62.494,15965.289568646273
938,,,,1443.0,9152.87664462681,1776.217701497726,179,3,62.488,6863.668972792747
941,,,,1493.0,9182.87664462681,1806.217701497726,182,3,62.377,127274.80803767392
943,,,,1542.0,9203.87664462681,1827.217701497726,184,3,62.305,82624.15784198904
945,,,,1584.0,9223.87664462681,1847.217701497726,186,3,62.192,129762.98168074922
946,,,,1596.0,9233.87664462681,1857.217701497726,187,3,62.187,5742.501715913128
953,,,,1709.0,9303.87664462681,1927.217701497726,194,3,62.149,43958.6586464763
956,,,,1761.0,9333.87664462681,1957.217701497726,197,3,62.138,12760.874791841286
964,,,,1933.0,9413.87664462681,2037.217701497726,205,3,62.068,81848.19737657656
965,,,,1947.0,9423.87664462681,2047.217701497726,206,3,62.029,45609.51797875529
972,,,,2072.0,9493.87664462681,2117.217701497726,213,3,61.956,85928.17559223648
973,,,,2077.0,9503.87664462681,2127.217701497726,214,3,61.814,167033.86334737888
974,,,,2080.0,9513.87664462681,2137.217701497726,215,3,61.655,186772.3448342317
975,,,,2072.0,9523.87664462681,2147.217701497726,216,3,61.48,205226.44636132638
976,,,,2067.0,9533.87664462681,2157.217701497726,217,3,61.324,182644.5172448117
977,,,,2059.0,9543.87664462681,2167.217701497726,218,3,61.133,223224.46993376806
978,,,,2045.0,9553.87664462681,2177.217701497726,219,3,60.946,218103.2811901926
979,,,,2029.0,9563.87664462681,2187.217701497726,220,3,60.753,224635.44518846401
980,,,,2016.0,9573.87664462681,2197.217701497726,221,3,60.558,226476.22717908327
981,,,,2006.0,9583.87664462681,2207.217701497726,222,3,60.368,220198.57475434427
982,,,,1989.0,9593.87664462681,2217.217701497726,223,3,60.178,219735.6562606104
983,,,,1978.0,9603.87664462681,2227.217701497726,224,3,59.999,206595.54995030974
984,,,,1963.0,9613.87664462681,2237.217701497726,225,3,59.821,205044.37652153985
985,,,,1957.0,9623.87664462681,2247.217701497726,226,3,59.637,211535.42634334174
986,,,,1942.0,9633.87664462681,2257.217701497726,227,3,59.46,203083.74779388562
987,,,,1930.0,9643.87664462681,2267.217701497726,228,3,59.28,206120.5043009374
988,,,,1919.0,9653.87664462681,2277.217701497726,229,3,59.101,204567.56722109672
989,,,,1907.0,9663.87664462681,2287.217701497726,230,3,58.91,217824.75562143224
990,,,,1897.0,9673.87664462681,2297.217701497726,231,3,58.725,210527.49863176933
991,,,,1893.0,9683.87664462681,2307.217701497726,232,3,58.548,201011.33603692116
992,,,,1875.0,9693.87664462681,2317.217701497726,233,3,58.383,187029.9238389205
993,,,,1875.0,9703.87664462681,2327.217701497726,234,3,58.212,193473.41805202424
994,,,,1902.0,9713.87664462681,2337.217701497726,235,3,58.095,132185.64655607843
996,,,,1954.0,9733.87664462681,2357.217701497726,237,3,58.047,54264.5712604939
1003,,,,2135.0,9803.87664462681,2427.217701497726,244,3,58.04,7966.718396311153
1008,,,,2192.0,9854.87664462681,2478.217701497726,249,3,57.98,68601.76729857874
1009,,,,2200.0,9864.87664462681,2488.217701497726,250,3,57.836,164521.51970026828
1010,,,,2180.0,9874.87664462681,2498.217701497726,251,3,57.716,136927.40952478713
1011,,,,2156.0,9884.87664462681,2508.217701497726,252,3,57.526,216439.06131321314
1012,,,,2144.0,9894.87664462681,2518.217701497726,253,3,57.314,240901.4583802196
1013,,,,2135.0,9904.87664462681,2528.217701497726,254,3,57.133,205178.59853991345
1014,,,,2119.0,9914.87664462681,2538.217701497726,255,3,56.937,221674.03585511143
1015,,,,2107.0,9924.87664462681,2548.217701497726,256,3,56.733,230144.7885517255
1016,,,,2102.0,9934.87664462681,2558.217701497726,257,3,56.548,208205.06081828894
1017,,,,2077.0,9944.87664462681,2568.217701497726,258,3,56.354,217822.5138087442
1018,,,,2044.0,9954.87664462681,2578.217701497726,259,3,56.176,199399.56384993112
1019,,,,2024.0,9964.87664462681,2588.217701497726,260,3,55.992,205664.21215931315
1020,,,,2008.0,9974.87664462681,2598.217701497726,261,3,55.774,243037.74974780847
1021,,,,1995.0,9984.87664462681,2608.217701497726,262,3,55.585,210150.21099284047
1022,,,,1990.0,9994.87664462681,2618.217701497726,263,3,55.378,229575.72990336982
1023,,,,1978.0,10004.87664462681,2628.217701497726,264,3,55.182,216803.27571866597
1024,,,,1958.0,10014.87664462681,2638.217701497726,265,3,54.993,208540.52748681247
1025,,,,1943.0,10024.87664462681,2648.217701497726,266,3,54.79,223413.88963344746
1026,,,,1944.0,10034.87664462681,2658.217701497726,267,3,54.609,198702.79007823774
1027,,,,1941.0,10044.87664462681,2668.217701497726,268,3,54.461,162148.01495316156
1028,,,,1910.0,10054.87664462681,2678.217701497726,269,3,54.325,148760.8542500779
1029,,,,1889.0,10064.87664462681,2688.217701497726,270,3,54.174,164896.38671087366
1030,,,,1901.0,10074.87664462681,2698.217701497726,271,3,54.033,153714.27696900186
1031,,,,1898.0,10084.87664462681,2708.217701497726,272,3,53.944,96915.19056565985
1032,,,,1903.0,10094.87664462681,2718.217701497726,273,3,53.815,140327.98179294122
1033,,,,1861.0,10104.87664462681,2728.217701497726,274,3,53.689,136875.6470092965
1034,,,,1840.0,10114.87664462681,2738.217701497726,275,3,53.578,120434.16450734627
1035,,,,1823.0,10124.87664462681,2748.217701497726,276,3,53.451,137624.2386445185
1036,,,,1843.0,10134.87664462681,2758.217701497726,277,3,53.302,161207.344480134
1040,,,,1897.0,10174.87664462681,2798.217701497726,281,3,53.245,61793.84716574034
1043,,,,1929.0,10205.87664462681,2829.217701497726,284,3,53.171,80369.07410707878
1044,,,,1965.0,10215.87664462681,2839.217701497726,285,3,53.079,99860.1942012257
1046,,,,2032.0,10235.87664462681,2859.217701497726,287,3,52.997,89034.02977834635
1047,,,,2055.0,10245.87664462681,2869.217701497726,288,3,52.981,17373.400240706247
1048,,,,2083.0,10255.87664462681,2879.217701497726,289,3,52.924,61910.471114806875
1050,,,,2131.0,10275.87664462681,2899.217701497726,291,3,52.9,26098.424880984687
1053,,,,2186.0,10305.87664462681,2929.217701497726,294,3,52.822,84985.51546860785
1054,,,,2196.0,10315.87664462681,2939.217701497726,295,3,52.701,131716.03239168794
1055,,,,2190.0,10325.87664462681,2949.217701497726,296,3,52.567,145655.90727196142
1056,,,,2166.0,10335.87664462681,2959.217701497726,297,3,52.388,194179.54604939063
1057,,,,2152.0,10345.87664462681,2969.217701497726,298,3,52.168,237979.16526023092
1058,,,,2141.0,10355.87664462681,2979.217701497726,299,3,51.952,232902.8372675265
1059,,,,2128.0,10365.87664462681,2989.217701497726,300,3,51.728,240740.4362753357
1060,,,,2118.0,10375.87664462681,2999.217701497726,301,3,51.512,231380.38903491586
1061,,,,2109.0,10385.87664462681,3009.217701497726,302,3,51.311,214649.30584032348
1062,,,,2100.0,10395.87664462681,3019.217701497726,303,3,51.112,211890.59784094768
1063,,,,2093.0,10405.87664462681,3029.217701497726,304,3,50.9,225043.14911359755
1064,,,,2087.0,10415.87664462681,3039.217701497726,305,3,50.689,223267.22190715795
1065,,,,2090.0,10425.87664462681,3049.217701497726,306,3,50.495,204656.78906752705
1066,,,,2091.0,10435.87664462681,3059.217701497726,307,3,50.317,187266.9641410621
1067,,,,2098.0,10445.87664462681,3069.217701497726,308,3,50.155,170021.93515470804
1068,,,,2123.0,10455.87664462681,3079.217701497726,309,3,50.034,126755.22284297268
1069,,,,2145.0,10465.87664462681,3089.217701497726,310,3,49.907,132838.21257306484
1075,,,,2256.0,10525.87664462681,3149.217701497726,316,3,49.859,50405.981247730684
1076,,,,2242.0,10535.87664462681,3159.217701497726,317,3,49.742,122777.91041273721
1077,,,,2223.0,10545.87664462681,3169.217701497726,318,3,49.546,205227.48405717235
1078,,,,2202.0,10555.87664462681,3179.217701497726,319,3,49.364,190022.8801234491
1079,,,,2177.0,10565.87664462681,3189.217701497726,320,3,49.214,156234.44818110176
1080,,,,2164.0,10575.87664462681,3199.217701497726,321,3,49.026,195327.134854805
1081,,,,2142.0,10585.87664462681,3209.217701497726,322,3,48.841,191661.47807224537
1082,,,,2126.0,10596.87664462681,3220.217701497726,323,3,48.654,193197.64534349312
1083,,,,2103.0,10606.87664462681,3230.217701497726,324,3,48.465,194694.42878855768
1084,,,,2086.0,10616.87664462681,3240.217701497726,325,3,48.267,203344.35889443243
1085,,,,2067.0,10626.87664462681,3250.217701497726,326,3,48.081,190441.36583790966
1086,,,,2036.0,10636.87664462681,3260.217701497726,327,3,47.885,200072.5867993434
1087,,,,2015.0,10646.87664462681,3270.217701497726,328,3,47.691,197411.6611442447
1088,,,,1995.0,10656.87664462681,3280.217701497726,329,3,47.514,179582.0655484497
1089,,,,1974.0,10666.87664462681,3290.217701497726,330,3,47.324,192208.7969723972
1090,,,,1952.0,10676.87664462681,3300.217701497726,331,3,47.106,219791.40661835627
1091,,,,1942.0,10686.87664462681,3310.217701497726,332,3,46.911,195925.87589208665
1092,,,,1922.0,10696.87664462681,3320.217701497726,333,3,46.713,198293.90703735538
1093,,,,1904.0,10706.87664462681,3330.217701497726,334,3,46.494,218552.3314600463
1094,,,,1890.0,10716.87664462681,3340.217701497726,335,3,46.284,208800.9800803899
1095,,,,1874.0,10726.87664462681,3350.217701497726,336,3,46.083,199152.69242188364
1096,,,,1854.0,10736.87664462681,3360.217701497726,337,3,45.887,193544.2268212382
1097,,,,1833.0,10746.87664462681,3370.217701497726,338,3,45.683,200754.6648470899
1098,,,,1810.0,10756.87664462681,3380.217701497726,339,3,45.478,201024.56451916735
1099,,,,1786.0,10766.87664462681,3390.217701497726,340,3,45.326,148606.67095948232
1100,,,,1765.0,10776.87664462681,3400.217701497726,341,3,45.138,183284.841330552
1101,,,,1739.0,10786.87664462681,3410.217701497726,342,3,44.945,187540.84229413586
1102,,,,1710.0,10796.87664462681,3420.217701497726,343,3,44.758,181111.78619710097
1103,,,,1674.0,10806.87664462681,3430.217701497726,344,3,44.563,188229.80061106896
1104,,,,1647.0,10816.87664462681,3440.217701497726,345,3,44.36,195259.43173964325
1105,,,,1622.0,10826.87664462681,3450.217701497726,346,3,44.169,183072.07943218623
1106,,,,1600.0,10836.87664462681,3460.217701497726,347,3,43.98,180544.10963662248
1107,,,,1578.0,10846.87664462681,3470.217701497726,348,3,43.771,198931.27294050952
1108,,,,1556.0,10856.87664462681,3480.217701497726,349,3,43.578,183029.10238007884
1109,,,,1533.0,10866.87664462681,3490.217701497726,350,3,43.379,188045.24748498076
1110,,,,1520.0,10876.87664462681,3500.217701497726,351,3,43.174,192992.39236558715
1111,,,,1504.0,10886.87664462681,3510.217701497726,352,3,42.969,192254.7840336063
1112,,,,1482.0,10896.87664462681,3520.217701497726,353,3,42.782,174736.17893168898
1113,,,,1454.0,10906.87664462681,3530.217701497726,354,3,42.59,178779.2395977689
1114,,,,1419.0,10916.87664462681,3540.217701497726,355,3,42.396,179989.6456329317
1115,,,,1395.0,10926.87664462681,3550.217701497726,356,3,42.178,201460.26704470481
1116,,,,1388.0,10936.87664462681,3560.217701497726,357,3,41.975,186835.308995878
1117,,,,1379.0,10946.87664462681,3570.217701497726,358,3,41.794,165978.61264552164
1118,,,,1374.0,10956.87664462681,3580.217701497726,359,3,41.633,147169.99500083097
1119,,,,1374.0,10966.87664462681,3590.217701497726,360,3,41.445,171287.96144187573
1120,,,,1374.0,10976.87664462681,3600.217701497726,361,3,41.272,157079.55483655373
1121,,,,1341.0,10986.87664462681,3610.217701497726,362,3,41.103,152952.42984858877
1122,,,,1311.0,10996.87664462681,3620.217701497726,363,3,40.902,181261.57271776738
1123,,,,1327.0,11007.87664462681,3631.217701497726,364,3,40.715,168006.38533554054
1124,,,,1330.0,11017.87664462681,3641.217701497726,365,3,40.569,130754.25443655017
1125,,,,1335.0,11027.87664462681,3651.217701497726,366,3,40.53,34879.640952102316
1129,,,,1371.0,11067.87664462681,3691.217701497726,370,3,40.486,39453.70414661138
1132,,,,1400.0,11097.87664462681,3721.217701497726,373,3,40.412,66436.90583497772
1134,,,,1425.0,11117.87664462681,3741.217701497726,375,3,40.399,11679.807483874496
1138,,,,1467.0,11157.87664462681,3781.217701497726,379,3,40.337,55852.22438439444
1140,,,,1494.0,11177.87664462681,3801.217701497726,381,3,40.312,22537.114337817813
1141,,,,1515.0,11187.87664462681,3811.217701497726,382,3,40.234,70288.81955300891
1143,,,,1539.0,11207.87664462681,3831.217701497726,384,3,40.219,13525.609495352923
1144,,,,1556.0,11217.87664462681,3841.217701497726,385,3,40.069,135099.1320065683
1151,,,,1613.0,11287.87664462681,3911.217701497726,392,3,40.059,9044.749797811197
1152,,,,1631.0,11297.87664462681,3921.217701497726,393,3,39.938,109359.3447907611
1153,,,,1643.0,11307.87664462681,3931.217701497726,394,3,39.811,114527.56552560983
1154,,,,1647.0,11317.87664462681,3941.217701497726,395,3,39.792,17117.801756300843
1159,,,,1669.0,11367.87664462681,3991.217701497726,400,3,39.733,53337.79301967703
1160,,,,1670.0,11377.87664462681,4001.217701497726,401,3,39.63,93007.18968718927
1161,,,,1650.0,11387.87664462681,4011.217701497726,402,3,39.475,139629.8872058476
1162,,,,1624.0,11397.87664462681,4021.217701497726,403,3,39.341,120376.89611346979
1163,,,,1626.0,11407.87664462681,4031.217701497726,404,3,39.182,142429.13094479794
1164,,,,1624.0,11417.87664462681,4041.217701497726,405,3,39.044,123258.12493956026
1165,,,,1608.0,11428.87664462681,4052.217701497726,406,3,38.91,119384.17109400222
1166,,,,1581.0,11438.87664462681,4062.217701497726,407,3,38.732,158088.432358694
1167,,,,1566.0,11448.87664462681,4072.217701497726,408,3,38.583,131890.31476911975
1168,,,,1547.0,11458.87664462681,4082.217701497726,409,3,38.443,123568.40054006394
1169,,,,1523.0,11468.87664462681,4092.217701497726,410,3,38.301,124983.78062856046
1170,,,,1504.0,11478.87664462681,4102.217701497726,411,3,38.153,129885.69317827096
1171,,,,1486.0,11488.87664462681,4112.217701497726,412,3,38.004,130368.79841510253
1172,,,,1466.0,11498.87664462681,4122.217701497726,413,3,37.841,142157.56475520754
1173,,,,1447.0,11508.87664462681,4132.217701497726,414,3,37.675,144271.31856347932
1174,,,,1421.0,11518.87664462681,4142.217701497726,415,3,37.505,147218.15484431272
1175,,,,1396.0,11528.87664462681,4152.217701497726,416,3,37.359,126012.28188400854
1176,,,,1357.0,11538.87664462681,4162.217701497726,417,3,37.215,123912.02691308015
1177,,,,1317.0,11548.87664462681,4172.217701497726,418,3,37.062,131245.83431154562
1178,,,,1280.0,11558.87664462681,4182.217701497726,419,3,36.908,131671.55623206584
1179,,,,1233.0,11568.87664462681,4192.217701497726,420,3,36.738,144840.25319293307
1180,,,,1194.0,11578.87664462681,4202.217701497726,1,4,36.615,104469.4766371351
1181,,,,1189.0,11579.87664462681,4203.217701497726,2,4,36.612,2543.8788811683585
1182,,,,1142.0,11589.87664462681,4213.217701497726,3,4,36.478,113511.94725007394
1183,,,,1121.0,11599.87664462681,4223.217701497726,4,4,36.253,189825.8913540805
1184,,,,1095.0,11609.87664462681,4233.217701497726,5,4,36.034,183794.25050922125
1185,,,,1069.0,11619.87664462681,4243.217701497726,6,4,35.828,172015.68053984802
1186,,,,1051.0,11629.87664462681,4253.217701497726,7,4,35.609,181945.96603182398
1187,,,,1045.0,11639.87664462681,4263.217701497726,8,4,35.382,187576.1116134685
1188,,,,1072.0,11649.87664462681,4273.217701497726,9,4,35.189,158673.68482477422
1189,,,,1076.0,11659.87664462681,4283.217701497726,10,4,35.055,109750.87425337247
1190,,,,1060.0,11669.87664462681,4293.217701497726,11,4,34.969,70276.7440260467
1195,,,,1194.0,11719.87664462681,4343.217701497726,16,4,34.938,25398.34391447274
1198,,,,1261.0,11749.87664462681,4373.217701497726,19,4,34.81,104899.89071480723
1200,,,,1328.0,11769.87664462681,4393.217701497726,21,4,34.729,66295.70161124952
1202,,,,1373.0,11789.87664462681,4413.217701497726,23,4,34.712,13917.914009348664
1203,,,,1408.0,11799.87664462681,4423.217701497726,24,4,34.59,99766.11624956303
1205,,,,1458.0,11819.87664462681,4443.217701497726,26,4,34.556,27788.104475963348
1206,,,,1500.0,11829.87664462681,4453.217701497726,27,4,34.481,61252.439543629094
1208,,,,1534.0,11849.87664462681,4473.217701497726,29,4,34.433,39197.87515621646
1209,,,,1564.0,11859.87664462681,4483.217701497726,30,4,34.291,115738.25907859972
1211,,,,1635.0,11879.87664462681,4503.217701497726,32,4,34.186,85417.322864379
1213,,,,1685.0,11899.87664462681,4523.217701497726,34,4,34.11,61766.26212442929
1215,,,,1739.0,11919.87664462681,4543.217701497726,36,4,34.02,73089.1076218552
1216,,,,1777.0,11929.87664462681,4553.217701497726,37,4,33.971,39745.087904301596
1218,,,,1840.0,11949.87664462681,4573.217701497726,39,4,33.814,127173.51497189357
1219,,,,1874.0,11959.87664462681,4583.217701497726,40,4,33.793,16979.998986579623
1220,,,,1910.0,11969.87664462681,4593.217701497726,41,4,33.722,57378.381737998854
1221,,,,1943.0,11979.87664462681,4603.217701497726,42,4,33.628,75843.40104946883
1223,,,,1995.0,11999.87664462681,4623.217701497726,44,4,33.6,22588.37579781814
1224,,,,2010.0,12009.87664462681,4633.217701497726,45,4,33.437,131232.29440201618
1225,,,,2043.0,12019.87664462681,4643.217701497726,46,4,33.377,48185.76228804186
1228,,,,2083.0,12049.87664462681,4673.217701497726,49,4,33.252,100358.90386935497
1229,,,,2075.0,12059.87664462681,4683.217701497726,50,4,33.041,168691.4199068782
1230,,,,2089.0,12069.87664462681,4693.217701497726,51,4,32.866,139210.63800304607
1231,,,,2118.0,12079.87664462681,4703.217701497726,52,4,32.714,120414.14317390398
1233,,,,2165.0,12099.87664462681,4723.217701497726,54,4,32.639,59307.24287671882
1234,,,,2190.0,12109.87664462681,4733.217701497726,55,4,32.47,133250.07097889934
1235,,,,2203.0,12119.87664462681,4743.217701497726,56,4,32.45,15736.447835380319
1237,,,,2255.0,12139.87664462681,4763.217701497726,58,4,32.439,8665.189011527274
1238,,,,2283.0,12149.87664462681,4773.217701497726,59,4,32.251,147763.39778649263
1239,,,,2298.0,12159.87664462681,4783.217701497726,60,4,32.081,132985.7613313582
1240,,,,2314.0,12169.87664462681,4793.217701497726,61,4,31.88,156457.8934934652
1241,,,,2317.0,12179.87664462681,4803.217701497726,62,4,31.691,146340.23131518293
1242,,,,2329.0,12189.87664462681,4813.217701497726,63,4,31.526,127150.22625415589
1243,,,,2306.0,12199.87664462681,4823.217701497726,64,4,31.34,142654.08479624623
1244,,,,2285.0,12209.87664462681,4833.217701497726,65,4,31.099,183731.7695631384
1245,,,,2265.0,12219.87664462681,4843.217701497726,66,4,30.862,179445.91909632145
1246,,,,2227.0,12229.87664462681,4853.217701497726,67,4,30.62,181963.98075931479
1247,,,,2212.0,12239.87664462681,4863.217701497726,68,4,30.379,179935.4767423871
1248,,,,2197.0,12249.87664462681,4873.217701497726,69,4,30.131,183827.52887006014
1249,,,,2166.0,12259.87664462681,4883.217701497726,70,4,29.903,167810.15106224502
1250,,,,2141.0,12269.87664462681,4893.217701497726,71,4,29.674,167399.5589562367
1251,,,,2122.0,12279.87664462681,4903.217701497726,72,4,29.457,157568.34073453295
1252,,,,2092.0,12289.87664462681,4913.217701497726,73,4,29.224,168035.46457231996
1253,,,,2062.0,12299.87664462681,4923.217701497726,74,4,28.994,164697.07025428352
1254,,,,2029.0,12310.87664462681,4934.217701497726,75,4,28.771,158583.72703104076
1255,,,,1987.0,12320.87664462681,4944.217701497726,76,4,28.539,163817.39019682602
1256,,,,1971.0,12330.87664462681,4954.217701497726,77,4,28.319,154243.97653724375
1257,,,,1965.0,12340.87664462681,4964.217701497726,78,4,28.099,153174.46727804138
1258,,,,1986.0,12350.87664462681,4974.217701497726,79,4,27.884,148659.41234717058
1259,,,,1991.0,12360.87664462681,4984.217701497726,80,4,27.699,127105.10220958313
1260,,,,1990.0,12370.87664462681,4994.217701497726,81,4,27.556,97748.04882683665
1261,,,,2007.0,12380.87664462681,5004.217701497726,82,4,27.485,48383.364029181226
1263,,,,2008.0,12400.87664462681,5024.217701497726,84,4,27.361,84337.17157594822
1264,,,,1998.0,12410.87664462681,5034.217701497726,85,4,27.162,134658.9672317036
1265,,,,1980.0,12420.87664462681,5044.217701497726,86,4,26.945,145836.2328565477
1266,,,,1974.0,12430.87664462681,5054.217701497726,87,4,26.735,140130.78623954966
1267,,,,1957.0,12440.87664462681,5064.217701497726,88,4,26.541,128583.22795911213
1268,,,,1936.0,12450.87664462681,5074.217701497726,89,4,26.343,130373.52777394021
1269,,,,1907.0,12460.87664462681,5084.217701497726,90,4,26.119,146433.84235881234
1270,,,,1886.0,12470.87664462681,5094.217701497726,91,4,25.891,147883.1470974462
1271,,,,1867.0,12480.87664462681,5104.217701497726,92,4,25.659,149266.29231907835
1272,,,,1835.0,12490.87664462681,5114.217701497726,93,4,25.427,148041.27043003755
1273,,,,1802.0,12500.87664462681,5124.217701497726,94,4,25.208,138623.03366924933
1274,,,,1784.0,12510.87664462681,5134.217701497726,95,4,24.987,138784.34315212647
1275,,,,1770.0,12520.87664462681,5144.217701497726,96,4,24.764,138912.52787014208
1276,,,,1746.0,12530.87664462681,5154.217701497726,97,4,24.514,154374.13482347998
1277,,,,1731.0,12540.87664462681,5164.217701497726,98,4,24.302,129785.43206822954
1278,,,,1715.0,12550.87664462681,5174.217701497726,99,4,24.13,104552.61791624165
1279,,,,1695.0,12560.87664462681,5184.217701497726,100,4,23.922,125543.65086174138
1280,,,,1682.0,12570.87664462681,5194.217701497726,101,4,23.72,120978.14443086974
1281,,,,1682.0,12580.87664462681,5204.217701497726,102,4,23.549,101691.21333764147
1282,,,,1691.0,12590.87664462681,5214.217701497726,103,4,23.41,82184.44171334883
1283,,,,1720.0,12600.87664462681,5224.217701497726,104,4,23.305,61808.2450076431
1286,,,,1784.0,12630.87664462681,5254.217701497726,107,4,23.234,41735.81413966318
1288,,,,1848.0,12650.87664462681,5274.217701497726,109,4,23.218,9402.536350340326
1289,,,,1880.0,12660.87664462681,5284.217701497726,110,4,23.175,25257.170157488945
1290,,,,1923.0,12670.87664462681,5294.217701497726,111,4,23.171,2348.977795888281
1291,,,,1956.0,12680.87664462681,5304.217701497726,112,4,23.053,69166.97935850425
1292,,,,1995.0,12690.87664462681,5314.217701497726,113,4,23.051,1170.2003536491789
1293,,,,2024.0,12700.87664462681,5324.217701497726,114,4,22.897,89871.3015303661
1295,,,,2095.0,12720.87664462681,5344.217701497726,116,4,22.791,61606.289686808115
1297,,,,2145.0,12740.87664462681,5364.217701497726,118,4,22.755,20890.654835623005
1298,,,,2173.0,12750.87664462681,5374.217701497726,119,4,22.582,100008.96353767709
1300,,,,2216.0,12770.87664462681,5394.217701497726,121,4,22.497,48934.359602366705
1301,,,,2238.0,12780.87664462681,5404.217701497726,122,4,22.356,80829.75307994292
1302,,,,2257.0,12790.87664462681,5414.217701497726,123,4,22.352,2287.4180521126655
1303,,,,2271.0,12800.87664462681,5424.217701497726,124,4,22.268,47978.70973419264
1304,,,,2294.0,12810.87664462681,5434.217701497726,125,4,22.118,85293.53561226204
1305,,,,2299.0,12820.87664462681,5444.217701497726,126,4,21.936,102795.58374583408
1306,,,,2291.0,12830.87664462681,5454.217701497726,127,4,21.718,122105.96141170943
1307,,,,2288.0,12840.87664462681,5464.217701497726,128,4,21.478,133121.88180991105
1308,,,,2271.0,12850.87664462681,5474.217701497726,129,4,21.26,119730.1269962972
1309,,,,2265.0,12860.87664462681,5484.217701497726,130,4,21.019,131042.54588162237
1310,,,,2255.0,12870.87664462681,5494.217701497726,131,4,20.779,129114.45647810589
1311,,,,2251.0,12880.87664462681,5504.217701497726,132,4,20.546,124026.41897003456
1312,,,,2241.0,12890.87664462681,5514.217701497726,133,4,20.286,136853.67153988345
1313,,,,2232.0,12900.87664462681,5524.217701497726,134,4,20.018,139348.4578523908
1314,,,,2223.0,12910.87664462681,5534.217701497726,135,4,19.757,134031.3609389478
1315,,,,2216.0,12920.87664462681,5544.217701497726,136,4,19.514,123302.02645080796
1316,,,,2193.0,12930.87664462681,5554.217701497726,137,4,19.287,113892.92444421357
1317,,,,2167.0,12940.87664462681,5564.217701497726,138,4,19.049,118072.14439752215
1318,,,,2141.0,12950.87664462681,5574.217701497726,139,4,18.795,124488.69583777018
1319,,,,2118.0,12960.87664462681,5584.217701497726,140,4,18.548,119547.5100854555
1320,,,,2081.0,12970.87664462681,5594.217701497726,141,4,18.295,120905.1600791487
1321,,,,2062.0,12980.87664462681,5604.217701497726,142,4,18.055,113245.16784772523
1322,,,,2042.0,12990.87664462681,5614.217701497726,143,4,17.829,105353.20355856777
1323,,,,2019.0,13000.87664462681,5624.217701497726,144,4,17.598,106394.45514140457
1324,,,,1998.0,13010.87664462681,5634.217701497726,145,4,17.356,110057.28810117987
1325,,,,1981.0,13020.87664462681,5644.217701497726,146,4,17.13,101482.57714445282
1326,,,,1958.0,13030.87664462681,5654.217701497726,147,4,16.904,100229.38539344931
1327,,,,1941.0,13040.87664462681,5664.217701497726,148,4,16.676,99844.08140165823
1328,,,,1926.0,13050.87664462681,5674.217701497726,149,4,16.46,93410.03127521138
1329,,,,1924.0,13060.87664462681,5684.217701497726,150,4,16.267,82496.5588201
1330,,,,1922.0,13070.87664462681,5694.217701497726,151,4,16.07,83266.56879728718
1331,,,,1916.0,13080.87664462681,5704.217701497726,152,4,15.853,90615.03905243371
1332,,,,1906.0,13090.87664462681,5714.217701497726,153,4,15.649,84127.31439604313
1333,,,,1915.0,13100.87664462681,5724.217701497726,154,4,15.441,84719.70101534043
1334,,,,1904.0,13110.87664462681,5734.217701497726,155,4,15.251,76455.81493560885
1335,,,,1892.0,13120.87664462681,5744.217701497726,156,4,15.047,81097.40939809577
1336,,,,1882.0,13130.87664462681,5754.217701497726,157,4,14.842,80456.09826640642
1337,,,,1873.0,13140.87664462681,5764.217701497726,158,4,14.623,84795.9087431309
1338,,,,1861.0,13150.87664462681,5774.217701497726,159,4,14.406,82841.22519136067
1339,,,,1839.0,13160.87664462681,5784.217701497726,160,4,14.188,82038.21927726806
1340,,,,1807.0,13170.87664462681,5794.217701497726,161,4,13.965,82688.3309092881
1341,,,,1778.0,13180.87664462681,5804.217701497726,162,4,13.736,83613.27324061257
1342,,,,1750.0,13190.87664462681,5814.217701497726,163,4,13.504,83362.11931351555
1343,,,,1724.0,13200.87664462681,5824.217701497726,164,4,13.264,84806.65584560897
1344,,,,1700.0,13210.87664462681,5834.217701497726,165,4,13.031,80939.54031931721
1345,,,,1679.0,13220.87664462681,5844.217701497726,166,4,12.813,74486.31324881427
1346,,,,1671.0,13230.87664462681,5854.217701497726,167,4,12.609,68616.49059617957
1347,,,,1654.0,13240.87664462681,5864.217701497726,168,4,12.386,73803.12371633595
1348,,,,1640.0,13250.87664462681,5874.217701497726,169,4,12.158,74152.32973138418
1349,,,,1630.0,13260.87664462681,5884.217701497726,170,4,11.929,73145.97448425958
1350,,,,1620.0,13270.87664462681,5894.217701497726,171,4,11.693,73982.37695145258
1351,,,,1608.0,13280.87664462681,5904.217701497726,172,4,11.455,73167.32435161735
1352,,,,1619.0,13290.87664462681,5914.217701497726,173,4,11.224,69628.89581882648
1353,,,,1626.0,13300.87664462681,5924.217701497726,174,4,11.0,66214.10489124178
1354,,,,1625.0,13310.87664462681,5934.217701497726,175,4,10.775,65214.97626076837
1355,,,,1629.0,13320.87664462681,5944.217701497726,176,4,10.552,63353.036972590395
1356,,,,1628.0,13330.87664462681,5954.217701497726,177,4,10.333,60972.9635603436
1357,,,,1645.0,13340.87664462681,5964.217701497726,178,4,10.122,57579.29030259261
1358,,,,1661.0,13350.87664462681,5974.217701497726,179,4,9.923,53256.04614596729
1359,,,,1677.0,13360.87664462681,5984.217701497726,180,4,9.732,50158.133815976915
1360,,,,1696.0,13370.87664462681,5994.217701497726,181,4,9.501,59404.43828691078
1361,,,,1712.0,13380.87664462681,6004.217701497726,182,4,9.271,57772.73776577459
1362,,,,1716.0,13390.87664462681,6014.217701497726,183,4,9.038,57125.43959334817
1363,,,,1706.0,13400.87664462681,6024.217701497726,184,4,8.781,61369.08677916544
1364,,,,1723.0,13410.87664462681,6034.217701497726,185,4,8.54,55981.84044114134
1365,,,,1703.0,13420.87664462681,6044.217701497726,186,4,8.288,56913.321068296296
1366,,,,1674.0,13430.87664462681,6054.217701497726,187,4,7.986,66009.37412742643
1367,,,,1641.0,13440.87664462681,6064.217701497726,188,4,7.666,67320.5123973435
1368,,,,1598.0,13450.87664462681,6074.217701497726,189,4,7.362,61450.49136149737
1369,,,,1550.0,13460.87664462681,6084.217701497726,190,4,7.041,62234.51902633169
1370,,,,1502.0,13470.87664462681,6094.217701497726,191,4,6.708,61675.29063466238
1371,,,,1479.0,13480.87664462681,6104.217701497726,192,4,6.364,60620.37470750526
1372,,,,1455.0,13490.87664462681,6114.217701497726,193,4,6.038,54544.315799811644
1373,,,,1428.0,13500.87664462681,6124.217701497726,194,4,5.72,50480.37181283208
1374,,,,1424.0,13510.87664462681,6134.217701497726,195,4,5.419,45299.794138293924
1375,,,,1383.0,13520.87664462681,6144.217701497726,196,4,5.081,47985.59121178043
1376,,,,1343.0,13530.87664462681,6154.217701497726,197,4,4.748,44287.33051783232
1377,,,,1298.0,13540.87664462681,6164.217701497726,198,4,4.438,38559.81278583804
1378,,,,1270.0,13550.87664462681,6174.217701497726,199,4,4.137,34975.82893553015
1379,,,,1249.0,13560.87664462681,6184.217701497726,200,4,3.88,27940.409851413056
1380,,,,1214.0,13570.87664462681,6194.217701497726,201,4,3.579,30468.77583657365
1381,,,,1177.0,13580.87664462681,6204.217701497726,202,4,3.253,30247.763050965466
1382,,,,1132.0,13590.87664462681,6214.217701497726,203,4,2.917,28175.518189508755
1383,,,,1086.0,13600.87664462681,6224.217701497726,204,4,2.591,24421.842910105028
1384,,,,1036.0,13610.87664462681,6234.217701497726,205,4,2.268,21361.685626046085
1385,,,,979.0,13620.87664462681,6244.217701497726,206,4,1.931,19274.39856737553
1386,,,,914.0,13630.87664462681,6254.217701497726,207,4,1.601,15887.604581911228
1387,,,,865.0,13640.87664462681,6264.217701497726,208,4,1.264,13170.334604770405
1388,,,,819.0,13650.87664462681,6274.217701497726,209,4,0.948,9541.853567580984
1389,,,,771.0,13660.87664462681,6284.217701497726,210,4,0.659,6344.425313927515
1390,,,,741.0,13670.87664462681,6294.217701497726,211,4,0.395,3804.0034516272776
1391,,,,718.0,13680.87664462681,6304.217701497726,212,4,0.157,1797.338850064492
0,,,,700.01,13687.503587756686,6310.844644627603,1391,5,0.0,337.3832759346146
