leg,time,lat,lng,tickLead,tickRace,distance
0,2016-12-31T03:56:45Z,-33.35670000,147.93446000,1637.0,1637.0,139.721
0,2016-12-31T03:56:55Z,-33.35670000,147.93446000,1647.0,1647.0,139.721
0,2016-12-31T03:57:05Z,-33.35670000,147.93446000,1657.0,1657.0,139.721
0,2016-12-31T03:57:15Z,-33.35670000,147.93446000,1667.0,1667.0,139.721
0,2016-12-31T03:57:25Z,-33.35670000,147.93446000,1677.0,1677.0,139.721
0,2016-12-31T03:57:35Z,-33.35670000,147.93446000,1687.0,1687.0,139.721
0,2016-12-31T03:57:45Z,-33.35670000,147.93446000,1697.0,1697.0,139.721
0,2016-12-31T03:57:55Z,-33.35670000,147.93446000,1707.0,1707.0,139.721
0,2016-12-31T03:58:05Z,-33.35670000,147.93446000,1717.0,1717.0,139.721
0,2016-12-31T03:58:15Z,-33.35670000,147.93446000,1727.0,1727.0,139.721
0,2016-12-31T03:58:25Z,-33.35670000,147.93446000,1737.0,1737.0,139.721
0,2016-12-31T03:58:35Z,-33.35670000,147.93446000,1747.0,1747.0,139.721
0,2016-12-31T03:58:45Z,-33.35670000,147.93446000,1757.0,1757.0,139.721
0,2016-12-31T03:58:55Z,-33.35670000,147.93446000,1767.0,1767.0,139.721
0,2016-12-31T03:59:05Z,-33.35670000,147.93446000,1777.0,1777.0,139.721
0,2016-12-31T03:59:15Z,-33.35670000,147.93446000,1787.0,1787.0,139.721
0,2016-12-31T03:59:25Z,-33.35670000,147.93446000,1797.0,1797.0,139.721
0,2016-12-31T03:59:35Z,-33.35670000,147.93446000,1807.0,1807.0,139.721
0,2016-12-31T03:59:46Z,-33.35670000,147.93446000,1818.0,1818.0,139.721
0,2016-12-31T03:59:56Z,-33.35670000,147.93446000,1828.0,1828.0,139.721
0,2016-12-31T04:00:06Z,-33.35671600,147.93380000,1838.0,1838.0,139.766
0,2016-12-31T04:00:16Z,-33.35741600,147.93240000,1848.0,1848.0,139.913
0,2016-12-31T04:00:17Z,-33.35751600,147.93225000,1849.0,1849.0,139.931
0,2016-12-31T04:00:18Z,-33.35760000,147.93213000,1850.0,1850.0,139.945
1,2016-12-31T04:00:28Z,-33.35835000,147.93058300,1860.0,1860.0,140.106
1,2016-12-31T04:00:38Z,-33.35881600,147.92940000,1870.0,1870.0,140.22
1,2016-12-31T04:00:48Z,-33.35923000,147.92808300,1880.0,1880.0,140.34
1,2016-12-31T04:00:58Z,-33.35975000,147.92671600,1890.0,1890.0,140.47
1,2016-12-31T04:01:08Z,-33.35986000,147.92493000,1900.0,1900.0,140.597
1,2016-12-31T04:01:18Z,-33.36058300,147.92373000,1910.0,1910.0,140.732
1,2016-12-31T04:01:28Z,-33.36115000,147.92480000,1920.0,1920.0,140.706
1,2016-12-31T04:01:38Z,-33.35991600,147.92623000,1930.0,1930.0,140.515
1,2016-12-31T04:01:48Z,-33.35930000,147.92775000,1940.0,1940.0,140.37
1,2016-12-31T04:01:58Z,-33.35956000,147.92715000,1950.0,1950.0,140.427
1,2016-12-31T04:02:08Z,-33.35901600,147.92853000,1960.0,1960.0,140.293
1,2016-12-31T04:02:18Z,-33.35848300,147.92846000,1970.0,1970.0,140.256
1,2016-12-31T04:02:28Z,-33.35855000,147.92996000,1980.0,1980.0,140.162
1,2016-12-31T04:02:38Z,-33.35836000,147.92935000,1990.0,1990.0,140.188
1,2016-12-31T04:02:48Z,-33.35695000,147.93063000,2000.0,2000.0,139.993
1,2016-12-31T04:02:58Z,-33.35723000,147.93173000,2010.0,2010.0,139.943
1,2016-12-31T04:03:08Z,-33.35696000,147.93246000,2020.0,2020.0,139.873
1,2016-12-31T04:03:18Z,-33.35605000,147.93331600,2030.0,2030.0,139.746
1,2016-12-31T04:03:29Z,-33.35560000,147.93358300,2041.0,2041.0,139.693
1,2016-12-31T04:03:39Z,-33.35538300,147.93353000,2051.0,2051.0,139.679
1,2016-12-31T04:03:49Z,-33.35543000,147.93446000,2061.0,2061.0,139.621
1,2016-12-31T04:03:59Z,-33.35498300,147.93531600,2071.0,2071.0,139.53
1,2016-12-31T04:04:09Z,-33.35436000,147.93601600,2081.0,2081.0,139.436
1,2016-12-31T04:04:19Z,-33.35388300,147.93653000,2091.0,2091.0,139.364
1,2016-12-31T04:04:29Z,-33.35408300,147.93661600,2101.0,2101.0,139.374
1,2016-12-31T04:04:39Z,-33.35430000,147.93771600,2111.0,2111.0,139.319
1,2016-12-31T04:04:49Z,-33.35355000,147.93843000,2121.0,2121.0,139.213
1,2016-12-31T04:04:59Z,-33.35351600,147.93813000,2131.0,2131.0,139.23
1,2016-12-31T04:05:09Z,-33.35378300,147.93881600,2141.0,2141.0,139.206
1,2016-12-31T04:05:19Z,-33.35281600,147.93938300,2151.0,2151.0,139.093
1,2016-12-31T04:05:29Z,-33.35318300,147.93930000,2161.0,2161.0,139.127
1,2016-12-31T04:05:39Z,-33.35176000,147.93998300,2171.0,2171.0,138.971
1,2016-12-31T04:05:49Z,-33.35225000,147.94048300,2181.0,2181.0,138.976
1,2016-12-31T04:05:59Z,-33.35116000,147.94130000,2191.0,2191.0,138.835
1,2016-12-31T04:06:09Z,-33.35121600,147.94113000,2201.0,2201.0,138.852
1,2016-12-31T04:06:19Z,-33.34990000,147.94221600,2211.0,2211.0,138.677
1,2016-12-31T04:06:29Z,-33.35038300,147.94338300,2221.0,2221.0,138.638
1,2016-12-31T04:06:39Z,-33.34961600,147.94420000,2231.0,2231.0,138.525
1,2016-12-31T04:06:49Z,-33.34941600,147.94431600,2241.0,2241.0,138.501
1,2016-12-31T04:06:59Z,-33.34976000,147.94503000,2251.0,2251.0,138.482
1,2016-12-31T04:07:09Z,-33.34960000,147.94593000,2261.0,2261.0,138.409
1,2016-12-31T04:07:19Z,-33.34896000,147.94630000,2271.0,2271.0,138.333
1,2016-12-31T04:07:30Z,-33.34881600,147.94621600,2282.0,2282.0,138.329
1,2016-12-31T04:07:40Z,-33.34895000,147.94665000,2292.0,2292.0,138.311
1,2016-12-31T04:07:50Z,-33.34818300,147.94760000,2302.0,2302.0,138.184
1,2016-12-31T04:08:00Z,-33.34798300,147.94745000,2312.0,2312.0,138.183
1,2016-12-31T04:08:10Z,-33.34798300,147.94880000,2322.0,2322.0,138.094
1,2016-12-31T04:08:20Z,-33.34701600,147.94830000,2332.0,2332.0,138.049
1,2016-12-31T04:08:30Z,-33.34698300,147.95030000,2342.0,2342.0,137.917
1,2016-12-31T04:08:40Z,-33.34765000,147.95053000,2352.0,2352.0,137.954
1,2016-12-31T04:08:50Z,-33.34695000,147.95173000,2362.0,2362.0,137.82
1,2016-12-31T04:09:00Z,-33.34685000,147.95103000,2372.0,2372.0,137.858
1,2016-12-31T04:09:10Z,-33.34611600,147.95243000,2382.0,2382.0,137.709
1,2016-12-31T04:09:20Z,-33.34561600,147.95206000,2392.0,2392.0,137.693
1,2016-12-31T04:09:30Z,-33.34531600,147.95386000,2402.0,2402.0,137.552
1,2016-12-31T04:09:40Z,-33.34558300,147.95346000,2412.0,2412.0,137.599
1,2016-12-31T04:09:50Z,-33.34515000,147.95478300,2422.0,2422.0,137.478
1,2016-12-31T04:10:00Z,-33.34470000,147.95438300,2432.0,2432.0,137.469
1,2016-12-31T04:10:10Z,-33.34500000,147.95563000,2442.0,2442.0,137.411
1,2016-12-31T04:10:20Z,-33.34396000,147.95601600,2452.0,2452.0,137.304
1,2016-12-31T04:10:30Z,-33.34460000,147.95636000,2462.0,2462.0,137.336
1,2016-12-31T04:10:40Z,-33.34365000,147.95700000,2472.0,2472.0,137.215
1,2016-12-31T04:10:50Z,-33.34403000,147.95718300,2482.0,2482.0,137.233
1,2016-12-31T04:11:00Z,-33.34316000,147.95813000,2492.0,2492.0,137.102
1,2016-12-31T04:11:10Z,-33.34286000,147.95775000,2502.0,2502.0,137.104
1,2016-12-31T04:11:21Z,-33.34225000,147.95965000,2513.0,2513.0,136.931
1,2016-12-31T04:11:31Z,-33.34160000,147.95951600,2523.0,2523.0,136.894
1,2016-12-31T04:11:41Z,-33.34178300,147.96006000,2533.0,2533.0,136.867
1,2016-12-31T04:11:51Z,-33.34076000,147.96111600,2543.0,2543.0,136.718
1,2016-12-31T04:12:01Z,-33.34045000,147.96088300,2553.0,2553.0,136.708
1,2016-12-31T04:12:11Z,-33.34045000,147.96213000,2563.0,2563.0,136.626
1,2016-12-31T04:12:21Z,-33.33930000,147.96195000,2573.0,2573.0,136.548
1,2016-12-31T04:12:31Z,-33.33958300,147.96260000,2583.0,2583.0,136.523
1,2016-12-31T04:12:41Z,-33.33853000,147.96351600,2593.0,2593.0,136.385
1,2016-12-31T04:12:51Z,-33.33870000,147.96318300,2603.0,2603.0,136.419
1,2016-12-31T04:13:01Z,-33.33778300,147.96436000,2613.0,2613.0,136.27
1,2016-12-31T04:13:11Z,-33.33746000,147.96411600,2623.0,2623.0,136.261
1,2016-12-31T04:13:21Z,-33.33726000,147.96593000,2633.0,2633.0,136.126
1,2016-12-31T04:13:31Z,-33.33715000,147.96545000,2643.0,2643.0,136.149
1,2016-12-31T04:13:41Z,-33.33678300,147.96690000,2653.0,2653.0,136.025
1,2016-12-31T04:13:52Z,-33.33616000,147.96650000,2664.0,2664.0,136.002
1,2016-12-31T04:14:02Z,-33.33631600,147.96796000,2674.0,2674.0,135.918
1,2016-12-31T04:14:12Z,-33.33541600,147.96823000,2684.0,2684.0,135.83
1,2016-12-31T04:14:22Z,-33.33575000,147.96846000,2694.0,2694.0,135.841
1,2016-12-31T04:14:32Z,-33.33465000,147.96970000,2704.0,2704.0,135.673
1,2016-12-31T04:14:42Z,-33.33540000,147.97005000,2714.0,2714.0,135.709
1,2016-12-31T04:14:52Z,-33.33468300,147.97138300,2724.0,2724.0,135.566
1,2016-12-31T04:15:02Z,-33.33503000,147.97120000,2734.0,2734.0,135.605
1,2016-12-31T04:15:12Z,-33.33430000,147.97268300,2744.0,2744.0,135.45
1,2016-12-31T04:15:22Z,-33.33446000,147.97256000,2754.0,2754.0,135.471
1,2016-12-31T04:15:32Z,-33.33381600,147.97406000,2764.0,2764.0,135.322
1,2016-12-31T04:15:42Z,-33.33370000,147.97336000,2774.0,2774.0,135.358
1,2016-12-31T04:15:52Z,-33.33306000,147.97458300,2784.0,2784.0,135.229
1,2016-12-31T04:16:02Z,-33.33290000,147.97405000,2794.0,2794.0,135.25
1,2016-12-31T04:16:12Z,-33.33198300,147.97573000,2804.0,2804.0,135.068
1,2016-12-31T04:16:22Z,-33.33230000,147.97560000,2814.0,2814.0,135.097
1,2016-12-31T04:16:32Z,-33.33123000,147.97696000,2824.0,2824.0,134.928
1,2016-12-31T04:16:42Z,-33.33165000,147.97693000,2834.0,2834.0,134.963
1,2016-12-31T04:16:52Z,-33.33098300,147.97811600,2844.0,2844.0,134.833
1,2016-12-31T04:17:02Z,-33.33073000,147.97773000,2854.0,2854.0,134.838
1,2016-12-31T04:17:12Z,-33.33043000,147.97961600,2864.0,2864.0,134.692
1,2016-12-31T04:17:22Z,-33.33081600,147.97938300,2874.0,2874.0,134.737
1,2016-12-31T04:17:32Z,-33.33048300,147.98081600,2884.0,2884.0,134.617
1,2016-12-31T04:17:42Z,-33.33005000,147.98060000,2894.0,2894.0,134.597
1,2016-12-31T04:17:53Z,-33.33020000,147.98240000,2905.0,2905.0,134.491
1,2016-12-31T04:18:03Z,-33.33010000,147.98191600,2915.0,2915.0,134.515
1,2016-12-31T04:18:13Z,-33.32875000,147.98315000,2925.0,2925.0,134.328
1,2016-12-31T04:18:23Z,-33.32731600,147.98476000,2935.0,2935.0,134.109
1,2016-12-31T04:18:33Z,-33.32568300,147.98571600,2945.0,2945.0,133.918
1,2016-12-31T04:18:43Z,-33.32453000,147.98741600,2955.0,2955.0,133.716
1,2016-12-31T04:18:53Z,-33.32363000,147.98960000,2965.0,2965.0,133.497
1,2016-12-31T04:19:03Z,-33.32226000,147.99126000,2975.0,2975.0,133.285
1,2016-12-31T04:19:13Z,-33.32068300,147.99231600,2985.0,2985.0,133.091
1,2016-12-31T04:19:23Z,-33.31956000,147.99408300,2995.0,2995.0,132.887
1,2016-12-31T04:19:33Z,-33.31785000,147.99485000,3005.0,3005.0,132.701
1,2016-12-31T04:19:43Z,-33.31625000,147.99481600,3015.0,3015.0,132.577
1,2016-12-31T04:19:53Z,-33.31453000,147.99488300,3025.0,3025.0,132.437
1,2016-12-31T04:20:03Z,-33.31255000,147.99556000,3035.0,3035.0,132.236
1,2016-12-31T04:20:13Z,-33.31098300,147.99725000,3045.0,3045.0,132.002
1,2016-12-31T04:20:23Z,-33.30955000,147.99880000,3055.0,3055.0,131.788
1,2016-12-31T04:20:33Z,-33.30790000,148.00006000,3065.0,3065.0,131.575
1,2016-12-31T04:20:43Z,-33.30631600,148.00130000,3075.0,3075.0,131.367
1,2016-12-31T04:20:53Z,-33.30468300,148.00250000,3085.0,3085.0,131.162
1,2016-12-31T04:21:04Z,-33.30310000,148.00368300,3096.0,3096.0,130.959
1,2016-12-31T04:21:14Z,-33.30128300,148.00436000,3106.0,3106.0,130.771
1,2016-12-31T04:21:24Z,-33.30070000,148.00593000,3116.0,3116.0,130.623
1,2016-12-31T04:21:34Z,-33.30043000,148.00506000,3126.0,3126.0,130.659
1,2016-12-31T04:21:44Z,-33.29976000,148.00630000,3136.0,3136.0,130.523
1,2016-12-31T04:21:54Z,-33.29943000,148.00600000,3146.0,3146.0,130.519
1,2016-12-31T04:22:04Z,-33.29976000,148.00693000,3156.0,3156.0,130.484
1,2016-12-31T04:22:14Z,-33.29873000,148.00646000,3166.0,3166.0,130.433
1,2016-12-31T04:22:24Z,-33.29931600,148.00693000,3176.0,3176.0,130.448
1,2016-12-31T04:22:34Z,-33.29828300,148.00671600,3186.0,3186.0,130.381
1,2016-12-31T04:22:44Z,-33.29880000,148.00738300,3196.0,3196.0,130.378
1,2016-12-31T04:22:54Z,-33.29760000,148.00770000,3206.0,3206.0,130.268
1,2016-12-31T04:23:04Z,-33.29826000,148.00880000,3216.0,3216.0,130.243
1,2016-12-31T04:23:14Z,-33.29730000,148.00830000,3226.0,3226.0,130.198
1,2016-12-31T04:23:24Z,-33.29621600,148.01005000,3236.0,3236.0,130.0
1,2016-12-31T04:23:34Z,-33.29640000,148.01140000,3246.0,3246.0,129.925
1,2016-12-31T04:23:44Z,-33.29546000,148.01086000,3256.0,3256.0,129.887
1,2016-12-31T04:23:54Z,-33.29600000,148.01151600,3266.0,3266.0,129.886
1,2016-12-31T04:24:04Z,-33.29510000,148.01126000,3276.0,3276.0,129.832
1,2016-12-31T04:24:15Z,-33.29558300,148.01173000,3287.0,3287.0,129.839
1,2016-12-31T04:24:25Z,-33.29528300,148.01063000,3297.0,3297.0,129.888
1,2016-12-31T04:24:35Z,-33.29530000,148.00938300,3307.0,3307.0,129.971
1,2016-12-31T04:24:45Z,-33.29601600,148.00838300,3317.0,3317.0,130.093
1,2016-12-31T04:24:55Z,-33.29671600,148.00780000,3327.0,3327.0,130.187
1,2016-12-31T04:25:05Z,-33.29728300,148.00653000,3337.0,3337.0,130.315
1,2016-12-31T04:25:15Z,-33.29808300,148.00578300,3347.0,3347.0,130.427
1,2016-12-31T04:25:25Z,-33.29873000,148.00526000,3357.0,3357.0,130.512
1,2016-12-31T04:25:35Z,-33.29971600,148.00483000,3367.0,3367.0,130.618
1,2016-12-31T04:25:45Z,-33.30056000,148.00436000,3377.0,3377.0,130.715
1,2016-12-31T04:25:55Z,-33.30118300,148.00380000,3387.0,3387.0,130.801
1,2016-12-31T04:26:05Z,-33.30188300,148.00306000,3397.0,3397.0,130.904
1,2016-12-31T04:26:15Z,-33.30263000,148.00231600,3407.0,3407.0,131.012
1,2016-12-31T04:26:25Z,-33.30351600,148.00183000,3417.0,3417.0,131.114
1,2016-12-31T04:26:35Z,-33.30365000,148.00106000,3427.0,3427.0,131.174
1,2016-12-31T04:26:45Z,-33.30335000,148.00270000,3437.0,3437.0,131.043
1,2016-12-31T04:26:55Z,-33.30283000,148.00253000,3447.0,3447.0,131.014
1,2016-12-31T04:27:05Z,-33.30248300,148.00426000,3457.0,3457.0,130.872
1,2016-12-31T04:27:16Z,-33.30231600,148.00393000,3468.0,3468.0,130.881
1,2016-12-31T04:27:26Z,-33.30240000,148.00510000,3478.0,3478.0,130.811
1,2016-12-31T04:27:36Z,-33.30105000,148.00560000,3488.0,3488.0,130.668
1,2016-12-31T04:27:46Z,-33.30140000,148.00700000,3498.0,3498.0,130.608
1,2016-12-31T04:27:56Z,-33.30018300,148.00691600,3508.0,3508.0,130.517
1,2016-12-31T04:28:06Z,-33.29860000,148.00701600,3518.0,3518.0,130.392
1,2016-12-31T04:28:16Z,-33.29758300,148.00626000,3528.0,3528.0,130.356
1,2016-12-31T04:28:26Z,-33.29775000,148.00525000,3538.0,3538.0,130.436
1,2016-12-31T04:28:36Z,-33.29788300,148.00430000,3548.0,3548.0,130.509
1,2016-12-31T04:28:46Z,-33.29703000,148.00526000,3558.0,3558.0,130.378
1,2016-12-31T04:28:56Z,-33.29731600,148.00496000,3568.0,3568.0,130.42
1,2016-12-31T04:29:06Z,-33.29600000,148.00635000,3578.0,3578.0,130.278
1,2016-12-31T04:29:16Z,-33.29685000,148.00586000,3588.0,3588.0,130.324
1,2016-12-31T04:29:26Z,-33.29595000,148.00730000,3598.0,3598.0,130.157
1,2016-12-31T04:29:36Z,-33.29690000,148.00793000,3608.0,3608.0,130.192
1,2016-12-31T04:29:46Z,-33.29643000,148.00723000,3618.0,3618.0,130.202
1,2016-12-31T04:29:56Z,-33.29615000,148.00903000,3628.0,3628.0,130.061
1,2016-12-31T04:30:01Z,-33.29663000,148.00960000,3633.0,3633.0,130.057
1,2016-12-31T04:30:02Z,-33.29675000,148.00973000,3634.0,3634.0,130.062
1,2016-12-31T04:30:12Z,-33.29740000,148.00940000,3644.0,3644.0,130.135
1,2016-12-31T04:30:22Z,-33.29646000,148.01038300,3654.0,3654.0,129.997
1,2016-12-31T04:30:33Z,-33.29676000,148.01013000,3665.0,3665.0,130.037
1,2016-12-31T04:30:43Z,-33.29583000,148.00896000,3675.0,3675.0,130.041
1,2016-12-31T04:30:53Z,-33.29510000,148.01020000,3685.0,3685.0,129.902
1,2016-12-31T04:31:03Z,-33.29558300,148.00993000,3695.0,3695.0,129.957
2,2016-12-31T04:31:13Z,-33.29418300,148.01060000,3705.0,3705.0,129.799
2,2016-12-31T04:31:23Z,-33.29335000,148.01255000,3715.0,3715.0,129.61
2,2016-12-31T04:31:33Z,-33.29373000,148.01408300,3725.0,3725.0,129.539
2,2016-12-31T04:31:43Z,-33.29401600,148.01345000,3735.0,3735.0,129.603
2,2016-12-31T04:31:53Z,-33.29261600,148.01378300,3745.0,3745.0,129.471
2,2016-12-31T04:32:03Z,-33.29168300,148.01543000,3755.0,3755.0,129.289
2,2016-12-31T04:32:13Z,-33.29055000,148.01686000,3765.0,3765.0,129.106
2,2016-12-31T04:32:23Z,-33.28913000,148.01826000,3775.0,3775.0,128.903
2,2016-12-31T04:32:33Z,-33.28758300,148.01945000,3785.0,3785.0,128.703
2,2016-12-31T04:32:43Z,-33.28630000,148.02113000,3795.0,3795.0,128.494
2,2016-12-31T04:32:53Z,-33.28536000,148.02320000,3805.0,3805.0,128.282
2,2016-12-31T04:33:03Z,-33.28421600,148.02493000,3815.0,3815.0,128.078
2,2016-12-31T04:33:13Z,-33.28288300,148.02651600,3825.0,3825.0,127.869
2,2016-12-31T04:33:23Z,-33.28153000,148.02836000,3835.0,3835.0,127.641
2,2016-12-31T04:33:33Z,-33.27991600,148.02986000,3845.0,3845.0,127.415
2,2016-12-31T04:33:43Z,-33.27848300,148.03145000,3855.0,3855.0,127.199
2,2016-12-31T04:33:53Z,-33.27671600,148.03286000,3865.0,3865.0,126.967
2,2016-12-31T04:34:04Z,-33.27476000,148.03000000,3876.0,3876.0,126.783
2,2016-12-31T04:34:14Z,-33.27295000,148.03328300,3886.0,3886.0,126.643
2,2016-12-31T04:34:24Z,-33.27111600,148.03365000,3896.0,3896.0,126.475
2,2016-12-31T04:34:34Z,-33.26930000,148.03408300,3906.0,3906.0,126.304
2,2016-12-31T04:34:44Z,-33.26848300,148.03590000,3916.0,3916.0,126.12
2,2016-12-31T04:34:54Z,-33.26746000,148.03756000,3926.0,3926.0,125.931
2,2016-12-31T04:35:04Z,-33.26586000,148.03880000,3936.0,3936.0,125.724
2,2016-12-31T04:35:14Z,-33.26418300,148.03930000,3946.0,3946.0,125.557
2,2016-12-31T04:35:24Z,-33.26270000,148.04055000,3956.0,3956.0,125.361
2,2016-12-31T04:35:34Z,-33.26096000,148.04161600,3966.0,3966.0,125.154
2,2016-12-31T04:35:44Z,-33.25916000,148.04250000,3976.0,3976.0,124.955
2,2016-12-31T04:35:54Z,-33.25778300,148.04406000,3986.0,3986.0,124.743
2,2016-12-31T04:36:04Z,-33.25640000,148.04551600,3996.0,3996.0,124.539
2,2016-12-31T04:36:14Z,-33.25488300,148.04686000,4006.0,4006.0,124.332
2,2016-12-31T04:36:24Z,-33.25346000,148.04835000,4016.0,4016.0,124.123
2,2016-12-31T04:36:34Z,-33.25195000,148.04960000,4026.0,4026.0,123.922
2,2016-12-31T04:36:44Z,-33.25058300,148.05120000,4036.0,4036.0,123.709
2,2016-12-31T04:36:54Z,-33.25103000,148.05158300,4046.0,4046.0,123.719
2,2016-12-31T04:37:04Z,-33.24998300,148.05220000,4056.0,4056.0,123.596
2,2016-12-31T04:37:14Z,-33.25015000,148.05191600,4066.0,4066.0,123.628
2,2016-12-31T04:37:24Z,-33.24905000,148.05330000,4076.0,4076.0,123.45
2,2016-12-31T04:37:34Z,-33.24783000,148.05473000,4086.0,4086.0,123.26
2,2016-12-31T04:37:44Z,-33.24695000,148.05645000,4096.0,4096.0,123.078
2,2016-12-31T04:37:54Z,-33.24553000,148.05638300,4106.0,4106.0,122.971
2,2016-12-31T04:38:04Z,-33.24623000,148.05630000,4116.0,4116.0,123.029
2,2016-12-31T04:38:14Z,-33.24600000,148.05800000,4126.0,4126.0,122.901
2,2016-12-31T04:38:24Z,-33.24443000,148.05868300,4136.0,4136.0,122.733
2,2016-12-31T04:38:34Z,-33.24301600,148.05873000,4146.0,4146.0,122.619
2,2016-12-31T04:38:44Z,-33.24371600,148.05878300,4156.0,4156.0,122.671
2,2016-12-31T04:38:54Z,-33.24331600,148.06073000,4166.0,4166.0,122.51
2,2016-12-31T04:39:05Z,-33.24353000,148.06200000,4177.0,4177.0,122.444
2,2016-12-31T04:39:15Z,-33.24270000,148.06153000,4187.0,4187.0,122.409
2,2016-12-31T04:39:25Z,-33.24306000,148.06191600,4197.0,4197.0,122.413
2,2016-12-31T04:39:35Z,-33.24230000,148.06281600,4207.0,4207.0,122.293
2,2016-12-31T04:39:45Z,-33.24321600,148.06286000,4217.0,4217.0,122.362
2,2016-12-31T04:39:55Z,-33.24250000,148.06201600,4227.0,4227.0,122.362
2,2016-12-31T04:40:05Z,-33.24078300,148.06251600,4237.0,4237.0,122.194
2,2016-12-31T04:40:15Z,-33.23936000,148.06360000,4247.0,4247.0,122.012
2,2016-12-31T04:40:25Z,-33.23791600,148.06480000,4257.0,4257.0,121.819
2,2016-12-31T04:40:35Z,-33.23630000,148.06478300,4267.0,4267.0,121.694
2,2016-12-31T04:40:45Z,-33.23546000,148.06613000,4277.0,4277.0,121.54
2,2016-12-31T04:40:55Z,-33.23598300,148.06560000,4287.0,4287.0,121.611
2,2016-12-31T04:41:05Z,-33.23493000,148.06653000,4297.0,4297.0,121.472
2,2016-12-31T04:41:15Z,-33.23540000,148.06641600,4307.0,4307.0,121.516
2,2016-12-31T04:41:25Z,-33.23405000,148.06683000,4317.0,4317.0,121.383
2,2016-12-31T04:41:35Z,-33.23453000,148.06760000,4327.0,4327.0,121.365
2,2016-12-31T04:41:45Z,-33.23376000,148.06690000,4337.0,4337.0,121.356
2,2016-12-31T04:41:55Z,-33.23293000,148.06853000,4347.0,4347.0,121.183
2,2016-12-31T04:42:05Z,-33.23281600,148.07026000,4357.0,4357.0,121.059
2,2016-12-31T04:42:15Z,-33.23165000,148.07175000,4367.0,4367.0,120.87
2,2016-12-31T04:42:25Z,-33.22991600,148.07291600,4377.0,4377.0,120.657
2,2016-12-31T04:42:35Z,-33.22810000,148.07393000,4387.0,4387.0,120.448
2,2016-12-31T04:42:45Z,-33.22661600,148.07546000,4397.0,4397.0,120.231
2,2016-12-31T04:42:55Z,-33.22506000,148.07718300,4407.0,4407.0,119.996
2,2016-12-31T04:43:05Z,-33.22323000,148.07825000,4417.0,4417.0,119.783
2,2016-12-31T04:43:15Z,-33.22143000,148.07935000,4427.0,4427.0,119.569
2,2016-12-31T04:43:25Z,-33.21971600,148.08060000,4437.0,4437.0,119.353
2,2016-12-31T04:43:35Z,-33.21813000,148.08206000,4447.0,4447.0,119.132
2,2016-12-31T04:43:45Z,-33.21631600,148.08306000,4457.0,4457.0,118.924
2,2016-12-31T04:43:55Z,-33.21456000,148.08421600,4467.0,4467.0,118.712
2,2016-12-31T04:44:05Z,-33.21290000,148.08540000,4477.0,4477.0,118.503
2,2016-12-31T04:44:15Z,-33.21121600,148.08658300,4487.0,4487.0,118.294
2,2016-12-31T04:44:25Z,-33.20951600,148.08786000,4497.0,4497.0,118.076
2,2016-12-31T04:44:35Z,-33.20795000,148.08928300,4507.0,4507.0,117.861
2,2016-12-31T04:44:45Z,-33.20648300,148.09111600,4517.0,4517.0,117.625
2,2016-12-31T04:44:55Z,-33.20475000,148.09260000,4527.0,4527.0,117.391
2,2016-12-31T04:45:05Z,-33.20300000,148.09406000,4537.0,4537.0,117.158
2,2016-12-31T04:45:16Z,-33.20103000,148.09445000,4548.0,4548.0,116.98
2,2016-12-31T04:45:26Z,-33.19946000,148.09563000,4558.0,4558.0,116.779
2,2016-12-31T04:45:36Z,-33.19818300,148.09726000,4568.0,4568.0,116.571
2,2016-12-31T04:45:46Z,-33.19760000,148.09928300,4578.0,4578.0,116.396
2,2016-12-31T04:45:56Z,-33.19841600,148.09955000,4588.0,4588.0,116.437
2,2016-12-31T04:46:06Z,-33.19746000,148.09875000,4598.0,4598.0,116.416
2,2016-12-31T04:46:16Z,-33.19603000,148.09980000,4608.0,4608.0,116.235
2,2016-12-31T04:46:26Z,-33.19626000,148.09953000,4618.0,4618.0,116.271
2,2016-12-31T04:46:36Z,-33.19640000,148.10135000,4628.0,4628.0,116.16
2,2016-12-31T04:46:46Z,-33.19493000,148.10263000,4638.0,4638.0,115.961
2,2016-12-31T04:46:56Z,-33.19330000,148.10380000,4648.0,4648.0,115.757
2,2016-12-31T04:47:06Z,-33.19155000,148.10443000,4658.0,4658.0,115.579
2,2016-12-31T04:47:16Z,-33.19183000,148.10436000,4668.0,4668.0,115.605
2,2016-12-31T04:47:26Z,-33.19091600,148.10610000,4678.0,4678.0,115.418
2,2016-12-31T04:47:36Z,-33.19093000,148.10560000,4688.0,4688.0,115.453
2,2016-12-31T04:47:46Z,-33.19120000,148.10731600,4698.0,4698.0,115.359
2,2016-12-31T04:47:56Z,-33.18948300,148.10765000,4708.0,4708.0,115.204
2,2016-12-31T04:48:06Z,-33.18973000,148.10753000,4718.0,4718.0,115.231
2,2016-12-31T04:48:16Z,-33.18826000,148.10881600,4728.0,4728.0,115.032
2,2016-12-31T04:48:26Z,-33.18600000,148.10806000,4738.0,4738.0,114.958
2,2016-12-31T04:48:36Z,-33.18680000,148.10760000,4748.0,4748.0,115.0
2,2016-12-31T04:48:46Z,-33.18583000,148.10793000,4758.0,4758.0,114.903
2,2016-12-31T04:48:56Z,-33.18650000,148.10783000,4768.0,4768.0,114.961
2,2016-12-31T04:49:06Z,-33.18606000,148.11001600,4778.0,4778.0,114.781
2,2016-12-31T04:49:16Z,-33.18460000,148.11151600,4788.0,4788.0,114.568
2,2016-12-31T04:49:26Z,-33.18318300,148.11061600,4798.0,4798.0,114.519
2,2016-12-31T04:49:36Z,-33.18328300,148.10968300,4808.0,4808.0,114.589
2,2016-12-31T04:49:46Z,-33.18313000,148.11106000,4818.0,4818.0,114.485
2,2016-12-31T04:49:56Z,-33.18231600,148.11043000,4828.0,4828.0,114.464
2,2016-12-31T04:50:06Z,-33.18261600,148.11153000,4838.0,4838.0,114.413
2,2016-12-31T04:50:16Z,-33.18141600,148.11096000,4848.0,4848.0,114.359
2,2016-12-31T04:50:26Z,-33.18208300,148.11118300,4858.0,4858.0,114.396
2,2016-12-31T04:50:36Z,-33.18145000,148.11275000,4868.0,4868.0,114.242
2,2016-12-31T04:50:46Z,-33.18035000,148.11200000,4878.0,4878.0,114.207
2,2016-12-31T04:50:56Z,-33.18098300,148.11271600,4888.0,4888.0,114.208
2,2016-12-31T04:51:07Z,-33.17953000,148.11286000,4899.0,4899.0,114.086
2,2016-12-31T04:51:17Z,-33.17981600,148.11200000,4909.0,4909.0,114.166
2,2016-12-31T04:51:27Z,-33.17930000,148.11340000,4919.0,4919.0,114.032
2,2016-12-31T04:51:37Z,-33.17898300,148.11246000,4929.0,4929.0,114.071
2,2016-12-31T04:51:47Z,-33.18005000,148.11325000,4939.0,4939.0,114.1
2,2016-12-31T04:51:57Z,-33.17913000,148.11443000,4949.0,4949.0,113.95
2,2016-12-31T04:52:07Z,-33.17823000,148.11348300,4959.0,4959.0,113.945
2,2016-12-31T04:52:17Z,-33.17928300,148.11360000,4969.0,4969.0,114.013
2,2016-12-31T04:52:27Z,-33.17836000,148.11488300,4979.0,4979.0,113.861
2,2016-12-31T04:52:37Z,-33.17830000,148.11388300,4989.0,4989.0,113.925
2,2016-12-31T04:52:47Z,-33.17901600,148.11505000,4999.0,4999.0,113.9
2,2016-12-31T04:52:57Z,-33.17770000,148.11593000,5009.0,5009.0,113.739
2,2016-12-31T04:53:07Z,-33.17768300,148.11493000,5019.0,5019.0,113.805
2,2016-12-31T04:53:17Z,-33.17885000,148.11586000,5029.0,5029.0,113.832
2,2016-12-31T04:53:27Z,-33.17825000,148.11790000,5039.0,5039.0,113.65
2,2016-12-31T04:53:37Z,-33.17661600,148.11920000,5049.0,5049.0,113.437
2,2016-12-31T04:53:47Z,-33.17665000,148.11903000,5059.0,5059.0,113.45
2,2016-12-31T04:53:57Z,-33.17548300,148.11986000,5069.0,5069.0,113.305
2,2016-12-31T04:54:07Z,-33.17615000,148.12046000,5079.0,5079.0,113.316
2,2016-12-31T04:54:17Z,-33.17468300,148.12075000,5089.0,5089.0,113.184
2,2016-12-31T04:54:27Z,-33.17543000,148.12116000,5099.0,5099.0,113.214
2,2016-12-31T04:54:37Z,-33.17430000,148.12270000,5109.0,5109.0,113.026
2,2016-12-31T04:54:47Z,-33.17381600,148.12193000,5119.0,5119.0,113.037
2,2016-12-31T04:54:57Z,-33.17441600,148.12315000,5129.0,5129.0,113.002
2,2016-12-31T04:55:07Z,-33.17303000,148.12446000,5139.0,5139.0,112.807
2,2016-12-31T04:55:17Z,-33.17228300,148.12356000,5149.0,5149.0,112.81
2,2016-12-31T04:55:27Z,-33.17301600,148.12458300,5159.0,5159.0,112.798
2,2016-12-31T04:55:37Z,-33.17153000,148.12591600,5169.0,5169.0,112.594
2,2016-12-31T04:55:47Z,-33.17068300,148.12495000,5179.0,5179.0,112.593
2,2016-12-31T04:55:57Z,-33.17158300,148.12535000,5189.0,5189.0,112.636
2,2016-12-31T04:56:07Z,-33.17065000,148.12718300,5199.0,5199.0,112.441
2,2016-12-31T04:56:17Z,-33.16905000,148.12673000,5209.0,5209.0,112.348
2,2016-12-31T04:56:27Z,-33.16913000,148.12593000,5219.0,5219.0,112.408
2,2016-12-31T04:56:37Z,-33.16921600,148.12783000,5229.0,5229.0,112.287
2,2016-12-31T04:56:47Z,-33.16758300,148.12840000,5239.0,5239.0,112.123
2,2016-12-31T04:56:57Z,-33.16725000,148.12735000,5249.0,5249.0,112.168
2,2016-12-31T04:57:07Z,-33.16768300,148.12876000,5259.0,5259.0,112.106
2,2016-12-31T04:57:17Z,-33.16671600,148.13080000,5269.0,5269.0,111.895
2,2016-12-31T04:57:27Z,-33.16518300,148.13200000,5279.0,5279.0,111.697
2,2016-12-31T04:57:37Z,-33.16490000,148.13118300,5289.0,5289.0,111.73
2,2016-12-31T04:57:47Z,-33.16540000,148.13253000,5299.0,5299.0,111.678
2,2016-12-31T04:57:57Z,-33.16503000,148.13455000,5309.0,5309.0,111.514
2,2016-12-31T04:58:07Z,-33.16450000,148.13415000,5319.0,5319.0,111.5
2,2016-12-31T04:58:18Z,-33.16463000,148.13600000,5330.0,5330.0,111.386
2,2016-12-31T04:58:28Z,-33.16305000,148.13646000,5340.0,5340.0,111.233
2,2016-12-31T04:58:38Z,-33.16335000,148.13730000,5350.0,5350.0,111.2
2,2016-12-31T04:58:48Z,-33.16218300,148.13780000,5360.0,5360.0,111.076
2,2016-12-31T04:58:58Z,-33.16260000,148.13878300,5370.0,5370.0,111.043
2,2016-12-31T04:59:08Z,-33.16106000,148.13971600,5380.0,5380.0,110.862
2,2016-12-31T04:59:18Z,-33.16143000,148.14023000,5390.0,5390.0,110.856
2,2016-12-31T04:59:28Z,-33.16003000,148.14130000,5400.0,5400.0,110.674
2,2016-12-31T04:59:38Z,-33.16016000,148.14095000,5410.0,5410.0,110.71
2,2016-12-31T04:59:48Z,-33.16050000,148.14296000,5420.0,5420.0,110.601
2,2016-12-31T04:59:58Z,-33.15903000,148.14331600,5430.0,5430.0,110.464
2,2016-12-31T05:00:08Z,-33.15931600,148.14293000,5440.0,5440.0,110.511
2,2016-12-31T05:00:18Z,-33.15930000,148.14501600,5450.0,5450.0,110.371
2,2016-12-31T05:00:28Z,-33.15821600,148.14500000,5460.0,5460.0,110.288
2,2016-12-31T05:00:38Z,-33.15891600,148.14580000,5470.0,5470.0,110.289
2,2016-12-31T05:00:48Z,-33.15761600,148.14726000,5480.0,5480.0,110.09
2,2016-12-31T05:00:58Z,-33.15685000,148.14670000,5490.0,5490.0,110.069
2,2016-12-31T05:01:08Z,-33.15748300,148.14760000,5500.0,5500.0,110.058
2,2016-12-31T05:01:18Z,-33.15626000,148.14931600,5510.0,5510.0,109.849
2,2016-12-31T05:01:28Z,-33.15473000,148.14925000,5520.0,5520.0,109.734
2,2016-12-31T05:01:38Z,-33.15301600,148.14998300,5530.0,5530.0,109.553
2,2016-12-31T05:01:48Z,-33.15123000,148.15145000,5540.0,5540.0,109.317
2,2016-12-31T05:01:58Z,-33.14946000,148.15306000,5550.0,5550.0,109.072
2,2016-12-31T05:02:08Z,-33.14756000,148.15483000,5560.0,5560.0,108.807
2,2016-12-31T05:02:18Z,-33.14591600,148.15648300,5570.0,5570.0,108.569
2,2016-12-31T05:02:28Z,-33.14401600,148.15810000,5580.0,5580.0,108.314
2,2016-12-31T05:02:38Z,-33.14246000,148.15995000,5590.0,5590.0,108.07
2,2016-12-31T05:02:48Z,-33.14068300,148.16151600,5600.0,5600.0,107.828
2,2016-12-31T05:02:58Z,-33.13885000,148.16321600,5610.0,5610.0,107.572
2,2016-12-31T05:03:08Z,-33.13685000,148.16435000,5620.0,5620.0,107.342
2,2016-12-31T05:03:19Z,-33.13516000,148.16585000,5631.0,5631.0,107.112
2,2016-12-31T05:03:29Z,-33.13376000,148.16748300,5641.0,5641.0,106.894
2,2016-12-31T05:03:39Z,-33.13243000,148.16916000,5651.0,5651.0,106.678
2,2016-12-31T05:03:49Z,-33.13060000,148.17043000,5661.0,5661.0,106.457
2,2016-12-31T05:03:59Z,-33.12893000,148.17178300,5671.0,5671.0,106.233
2,2016-12-31T05:04:09Z,-33.12770000,148.17355000,5681.0,5681.0,106.019
2,2016-12-31T05:04:19Z,-33.12618300,148.17515000,5691.0,5691.0,105.795
2,2016-12-31T05:04:29Z,-33.12463000,148.17706000,5701.0,5701.0,105.547
2,2016-12-31T05:04:39Z,-33.12313000,148.17870000,5711.0,5711.0,105.322
2,2016-12-31T05:04:49Z,-33.12125000,148.18000000,5721.0,5721.0,105.09
2,2016-12-31T05:04:59Z,-33.11928300,148.18065000,5731.0,5731.0,104.895
2,2016-12-31T05:05:09Z,-33.11746000,148.18065000,5741.0,5741.0,104.755
2,2016-12-31T05:05:19Z,-33.11560000,148.18168300,5751.0,5751.0,104.542
2,2016-12-31T05:05:29Z,-33.11376000,148.18305000,5761.0,5761.0,104.31
2,2016-12-31T05:05:39Z,-33.11210000,148.18446000,5771.0,5771.0,104.086
2,2016-12-31T05:05:49Z,-33.11080000,148.18650000,5781.0,5781.0,103.85
2,2016-12-31T05:05:59Z,-33.10965000,148.18853000,5791.0,5791.0,103.624
2,2016-12-31T05:06:09Z,-33.10883000,148.19050000,5801.0,5801.0,103.429
2,2016-12-31T05:06:19Z,-33.10853000,148.19255000,5811.0,5811.0,103.268
2,2016-12-31T05:06:29Z,-33.10956000,148.19338300,5821.0,5821.0,103.291
2,2016-12-31T05:06:39Z,-33.11053000,148.19473000,5831.0,5831.0,103.274
2,2016-12-31T05:06:49Z,-33.11131600,148.19493000,5841.0,5841.0,103.321
2,2016-12-31T05:07:00Z,-33.11078300,148.19400000,5852.0,5852.0,103.343
2,2016-12-31T05:07:10Z,-33.10925000,148.19431600,5862.0,5862.0,103.204
2,2016-12-31T05:07:20Z,-33.10771600,148.19593000,5872.0,5872.0,102.977
2,2016-12-31T05:07:30Z,-33.10603000,148.19730000,5882.0,5882.0,102.753
2,2016-12-31T05:07:40Z,-33.10411600,148.19876000,5892.0,5892.0,102.51
2,2016-12-31T05:07:50Z,-33.10363000,148.19775000,5902.0,5902.0,102.541
2,2016-12-31T05:08:00Z,-33.10440000,148.19840000,5912.0,5912.0,102.556
2,2016-12-31T05:08:10Z,-33.10296000,148.19973000,5922.0,5922.0,102.356
2,2016-12-31T05:08:20Z,-33.10300000,148.19920000,5932.0,5932.0,102.395
2,2016-12-31T05:08:30Z,-33.10325000,148.20078300,5942.0,5942.0,102.307
2,2016-12-31T05:08:40Z,-33.10178300,148.20211600,5952.0,5952.0,102.105
2,2016-12-31T05:08:50Z,-33.10145000,148.20146000,5962.0,5962.0,102.123
2,2016-12-31T05:09:00Z,-33.10205000,148.20301600,5972.0,5972.0,102.065
2,2016-12-31T05:09:10Z,-33.10125000,148.20515000,5982.0,5982.0,101.86
2,2016-12-31T05:09:20Z,-33.09993000,148.20513000,5992.0,5992.0,101.759
2,2016-12-31T05:09:30Z,-33.09850000,148.20525000,6002.0,6002.0,101.642
2,2016-12-31T05:09:40Z,-33.09695000,148.20610000,6012.0,6012.0,101.465
2,2016-12-31T05:09:50Z,-33.09618300,148.20760000,6022.0,6022.0,101.301
2,2016-12-31T05:10:00Z,-33.09696000,148.20806000,6032.0,6032.0,101.334
2,2016-12-31T05:10:10Z,-33.09785000,148.20768300,6042.0,6042.0,101.428
2,2016-12-31T05:10:20Z,-33.09873000,148.20913000,6052.0,6052.0,101.398
2,2016-12-31T05:10:30Z,-33.09963000,148.20993000,6062.0,6062.0,101.414
2,2016-12-31T05:10:40Z,-33.09973000,148.20953000,6072.0,6072.0,101.448
2,2016-12-31T05:10:51Z,-33.09960000,148.21100000,6083.0,6083.0,101.345
2,2016-12-31T05:11:01Z,-33.09903000,148.21063000,6093.0,6093.0,101.32
2,2016-12-31T05:11:11Z,-33.09830000,148.21230000,6103.0,6103.0,101.154
2,2016-12-31T05:11:21Z,-33.09778300,148.21281600,6113.0,6113.0,101.077
2,2016-12-31T05:11:31Z,-33.09830000,148.21328300,6123.0,6123.0,101.089
2,2016-12-31T05:11:41Z,-33.09780000,148.21463000,6133.0,6133.0,100.957
2,2016-12-31T05:11:51Z,-33.09725000,148.21508300,6143.0,6143.0,100.884
2,2016-12-31T05:12:01Z,-33.09788300,148.21556000,6153.0,6153.0,100.901
2,2016-12-31T05:12:11Z,-33.09723000,148.21685000,6163.0,6163.0,100.764
2,2016-12-31T05:12:21Z,-33.09763000,148.21655000,6173.0,6173.0,100.815
2,2016-12-31T05:12:31Z,-33.09715000,148.21760000,6183.0,6183.0,100.708
2,2016-12-31T05:12:41Z,-33.09620000,148.21823000,6193.0,6193.0,100.592
2,2016-12-31T05:12:51Z,-33.09681600,148.21911600,6203.0,6203.0,100.58
2,2016-12-31T05:13:01Z,-33.09595000,148.21926000,6213.0,6213.0,100.503
2,2016-12-31T05:13:11Z,-33.09653000,148.22001600,6223.0,6223.0,100.498
2,2016-12-31T05:13:21Z,-33.09545000,148.22011600,6233.0,6233.0,100.408
2,2016-12-31T05:13:31Z,-33.09601600,148.22110000,6243.0,6243.0,100.386
2,2016-12-31T05:13:41Z,-33.09541600,148.22061600,6253.0,6253.0,100.372
2,2016-12-31T05:13:51Z,-33.09573000,148.22191600,6263.0,6263.0,100.309
2,2016-12-31T05:14:01Z,-33.09505000,148.22138300,6273.0,6273.0,100.292
2,2016-12-31T05:14:11Z,-33.09500000,148.22290000,6283.0,6283.0,100.187
2,2016-12-31T05:14:21Z,-33.09411600,148.22295000,6293.0,6293.0,100.115
2,2016-12-31T05:14:31Z,-33.09416000,148.22475000,6303.0,6303.0,99.999
2,2016-12-31T05:14:41Z,-33.09496000,148.22465000,6313.0,6313.0,100.067
2,2016-12-31T05:14:51Z,-33.09408300,148.22543000,6323.0,6323.0,99.947
2,2016-12-31T05:15:01Z,-33.09476000,148.22586000,6333.0,6333.0,99.971
2,2016-12-31T05:15:11Z,-33.09475000,148.22491600,6343.0,6343.0,100.033
2,2016-12-31T05:15:21Z,-33.09405000,148.22595000,6353.0,6353.0,99.909
2,2016-12-31T05:15:32Z,-33.09376000,148.22588300,6364.0,6364.0,99.892
2,2016-12-31T05:15:42Z,-33.09381600,148.22740000,6374.0,6374.0,99.795
2,2016-12-31T05:15:52Z,-33.09326000,148.22696000,6384.0,6384.0,99.781
2,2016-12-31T05:16:02Z,-33.09305000,148.22865000,6394.0,6394.0,99.652
2,2016-12-31T05:16:12Z,-33.09253000,148.22830000,6404.0,6404.0,99.635
2,2016-12-31T05:16:22Z,-33.09211600,148.23015000,6414.0,6414.0,99.479
2,2016-12-31T05:16:32Z,-33.09260000,148.22971600,6424.0,6424.0,99.551
2,2016-12-31T05:16:42Z,-33.09308300,148.22876000,6434.0,6434.0,99.646
2,2016-12-31T05:16:52Z,-33.09336000,148.22791600,6444.0,6444.0,99.725
2,2016-12-31T05:17:02Z,-33.09281600,148.22706000,6454.0,6454.0,99.739
2,2016-12-31T05:17:12Z,-33.09288300,148.22838300,6464.0,6464.0,99.657
2,2016-12-31T05:17:22Z,-33.09226000,148.22808300,6474.0,6474.0,99.629
2,2016-12-31T05:17:32Z,-33.09258300,148.22848300,6484.0,6484.0,99.627
2,2016-12-31T05:17:42Z,-33.09138300,148.22900000,6494.0,6494.0,99.499
2,2016-12-31T05:17:52Z,-33.09208300,148.22973000,6504.0,6504.0,99.504
2,2016-12-31T05:18:02Z,-33.09118300,148.22920000,6514.0,6514.0,99.47
2,2016-12-31T05:18:12Z,-33.09146000,148.22976000,6524.0,6524.0,99.454
2,2016-12-31T05:18:22Z,-33.09051600,148.23041600,6534.0,6534.0,99.337
2,2016-12-31T05:18:32Z,-33.09123000,148.23085000,6544.0,6544.0,99.364
2,2016-12-31T05:18:42Z,-33.09021600,148.23065000,6554.0,6554.0,99.298
2,2016-12-31T05:18:52Z,-33.09063000,148.23176000,6564.0,6564.0,99.256
2,2016-12-31T05:19:02Z,-33.08978300,148.23131600,6574.0,6574.0,99.22
2,2016-12-31T05:19:12Z,-33.08996000,148.23260000,6584.0,6584.0,99.149
2,2016-12-31T05:19:22Z,-33.08911600,148.23223000,6594.0,6594.0,99.107
2,2016-12-31T05:19:32Z,-33.08938300,148.23365000,6604.0,6604.0,99.034
2,2016-12-31T05:19:42Z,-33.09000000,148.23313000,6614.0,6614.0,99.116
2,2016-12-31T05:19:52Z,-33.08936000,148.23400000,6624.0,6624.0,99.009
2,2016-12-31T05:20:02Z,-33.08956000,148.23351600,6634.0,6634.0,99.057
2,2016-12-31T05:20:12Z,-33.08863000,148.23480000,6644.0,6644.0,98.899
2,2016-12-31T05:20:22Z,-33.08928300,148.23510000,6654.0,6654.0,98.929
2,2016-12-31T05:20:32Z,-33.08805000,148.23481600,6664.0,6664.0,98.852
2,2016-12-31T05:20:42Z,-33.08830000,148.23606000,6674.0,6674.0,98.788
2,2016-12-31T05:20:52Z,-33.08793000,148.23523000,6684.0,6684.0,98.815
2,2016-12-31T05:21:03Z,-33.08653000,148.23608300,6695.0,6695.0,98.65
2,2016-12-31T05:21:13Z,-33.08693000,148.23658300,6705.0,6705.0,98.648
2,2016-12-31T05:21:23Z,-33.08616000,148.23746000,6715.0,6715.0,98.529
2,2016-12-31T05:21:33Z,-33.08583000,148.23703000,6725.0,6725.0,98.532
2,2016-12-31T05:21:43Z,-33.08496000,148.23846000,6735.0,6735.0,98.369
2,2016-12-31T05:21:53Z,-33.08560000,148.23853000,6745.0,6745.0,98.414
2,2016-12-31T05:22:03Z,-33.08426000,148.23853000,6755.0,6755.0,98.311
2,2016-12-31T05:22:13Z,-33.08425000,148.24026000,6765.0,6765.0,98.194
2,2016-12-31T05:22:23Z,-33.08416000,148.23980000,6775.0,6775.0,98.218
2,2016-12-31T05:22:33Z,-33.08340000,148.24140000,6785.0,6785.0,98.052
2,2016-12-31T05:22:43Z,-33.08383000,148.24110000,6795.0,6795.0,98.106
2,2016-12-31T05:22:53Z,-33.08218300,148.24130000,6805.0,6805.0,97.962
2,2016-12-31T05:23:03Z,-33.08205000,148.24293000,6815.0,6815.0,97.845
2,2016-12-31T05:23:13Z,-33.08255000,148.24230000,6825.0,6825.0,97.926
2,2016-12-31T05:23:23Z,-33.08090000,148.24241600,6835.0,6835.0,97.79
2,2016-12-31T05:23:33Z,-33.08058300,148.24406000,6845.0,6845.0,97.656
2,2016-12-31T05:23:43Z,-33.08071600,148.24340000,6855.0,6855.0,97.71
2,2016-12-31T05:23:53Z,-33.07910000,148.24335000,6865.0,6865.0,97.588
2,2016-12-31T05:24:03Z,-33.07801600,148.24480000,6875.0,6875.0,97.407
2,2016-12-31T05:24:13Z,-33.07885000,148.24526000,6885.0,6885.0,97.441
2,2016-12-31T05:24:23Z,-33.07843000,148.24443000,6895.0,6895.0,97.464
2,2016-12-31T05:24:33Z,-33.07763000,148.24590000,6905.0,6905.0,97.304
2,2016-12-31T05:24:43Z,-33.07840000,148.24600000,6915.0,6915.0,97.313
2,2016-12-31T05:24:53Z,-33.07880000,148.24611600,6925.0,6925.0,97.38
2,2016-12-31T05:25:03Z,-33.07885000,148.24520000,6935.0,6935.0,97.445
2,2016-12-31T05:25:13Z,-33.07873000,148.24420000,6945.0,6945.0,97.503
2,2016-12-31T05:25:23Z,-33.07696000,148.24373000,6955.0,6955.0,97.398
2,2016-12-31T05:25:33Z,-33.07580000,148.24270000,6965.0,6965.0,97.377
2,2016-12-31T05:25:43Z,-33.07550000,148.24138300,6975.0,6975.0,97.442
2,2016-12-31T05:25:53Z,-33.07456000,148.24058300,6985.0,6985.0,97.423
2,2016-12-31T05:26:03Z,-33.07308300,148.24141600,6995.0,6995.0,97.253
2,2016-12-31T05:26:13Z,-33.07190000,148.24260000,7005.0,7005.0,97.078
2,2016-12-31T05:26:23Z,-33.07065000,148.24423000,7015.0,7015.0,96.876
2,2016-12-31T05:26:33Z,-33.06930000,148.24553000,7025.0,7025.0,96.685
2,2016-12-31T05:26:43Z,-33.06778300,148.24680000,7035.0,7035.0,96.483
2,2016-12-31T05:26:53Z,-33.06601600,148.24815000,7045.0,7045.0,96.256
2,2016-12-31T05:27:03Z,-33.06425000,148.24955000,7055.0,7055.0,96.026
2,2016-12-31T05:27:13Z,-33.06255000,148.25080000,7065.0,7065.0,95.812
2,2016-12-31T05:27:23Z,-33.06086000,148.25218300,7075.0,7075.0,95.589
2,2016-12-31T05:27:33Z,-33.05921600,148.25361600,7085.0,7085.0,95.366
2,2016-12-31T05:27:44Z,-33.05841600,148.25560000,7096.0,7096.0,95.166
2,2016-12-31T05:27:54Z,-33.05728300,148.25761600,7106.0,7106.0,94.948
2,2016-12-31T05:28:04Z,-33.05641600,148.25926000,7116.0,7116.0,94.77
2,2016-12-31T05:28:14Z,-33.05516000,148.26098300,7126.0,7126.0,94.558
2,2016-12-31T05:28:24Z,-33.05395000,148.26260000,7136.0,7136.0,94.351
2,2016-12-31T05:28:34Z,-33.05288300,148.26458300,7146.0,7146.0,94.14
2,2016-12-31T05:28:44Z,-33.05211600,148.26000000,7156.0,7156.0,93.941
2,2016-12-31T05:28:54Z,-33.05230000,148.26631600,7166.0,7166.0,93.979
2,2016-12-31T05:29:04Z,-33.05136000,148.26741600,7176.0,7176.0,93.833
2,2016-12-31T05:29:14Z,-33.05165000,148.26681600,7186.0,7186.0,93.895
2,2016-12-31T05:29:24Z,-33.05015000,148.26721600,7196.0,7196.0,93.753
2,2016-12-31T05:29:34Z,-33.05051600,148.26813000,7206.0,7206.0,93.719
2,2016-12-31T05:29:44Z,-33.04988300,148.26715000,7216.0,7216.0,93.737
2,2016-12-31T05:29:54Z,-33.04860000,148.26805000,7226.0,7226.0,93.578
2,2016-12-31T05:30:04Z,-33.04921600,148.26853000,7236.0,7236.0,93.592
2,2016-12-31T05:30:14Z,-33.04828300,148.26765000,7246.0,7246.0,93.58
2,2016-12-31T05:30:24Z,-33.04673000,148.26821600,7256.0,7256.0,93.423
2,2016-12-31T05:30:34Z,-33.04561600,148.26998300,7266.0,7266.0,93.218
2,2016-12-31T05:30:44Z,-33.04416000,148.27141600,7276.0,7276.0,93.01
2,2016-12-31T05:30:54Z,-33.04253000,148.27286000,7286.0,7286.0,92.787
2,2016-12-31T05:31:04Z,-33.04100000,148.27453000,7296.0,7296.0,92.557
2,2016-12-31T05:31:14Z,-33.03930000,148.27618300,7306.0,7306.0,92.318
2,2016-12-31T05:31:24Z,-33.03756000,148.27770000,7316.0,7316.0,92.08
2,2016-12-31T05:31:34Z,-33.03585000,148.27941600,7326.0,7326.0,91.833
2,2016-12-31T05:31:44Z,-33.03435000,148.28106000,7336.0,7336.0,91.606
2,2016-12-31T05:31:54Z,-33.03278300,148.28281600,7346.0,7346.0,91.368
2,2016-12-31T05:32:04Z,-33.03130000,148.28455000,7356.0,7356.0,91.137
2,2016-12-31T05:32:15Z,-33.03051600,148.28646000,7367.0,7367.0,90.948
2,2016-12-31T05:32:25Z,-33.02906000,148.28831600,7377.0,7377.0,90.712
2,2016-12-31T05:32:35Z,-33.02750000,148.29000000,7387.0,7387.0,90.478
2,2016-12-31T05:32:45Z,-33.02586000,148.29156000,7397.0,7397.0,90.247
2,2016-12-31T05:32:55Z,-33.02458300,148.29370000,7407.0,7407.0,90.004
2,2016-12-31T05:33:05Z,-33.02318300,148.29528300,7417.0,7417.0,89.79
2,2016-12-31T05:33:15Z,-33.02253000,148.29473000,7427.0,7427.0,89.778
2,2016-12-31T05:33:25Z,-33.02296000,148.29650000,7437.0,7437.0,89.691
2,2016-12-31T05:33:35Z,-33.02158300,148.29735000,7447.0,7447.0,89.528
2,2016-12-31T05:33:45Z,-33.02050000,148.29641600,7457.0,7457.0,89.508
2,2016-12-31T05:33:55Z,-33.02043000,148.29560000,7467.0,7467.0,89.558
2,2016-12-31T05:34:05Z,-33.02125000,148.29670000,7477.0,7477.0,89.546
2,2016-12-31T05:34:15Z,-33.02050000,148.29820000,7487.0,7487.0,89.388
2,2016-12-31T05:34:25Z,-33.01975000,148.29746000,7497.0,7497.0,89.38
2,2016-12-31T05:34:35Z,-33.02046000,148.29830000,7507.0,7507.0,89.376
2,2016-12-31T05:34:45Z,-33.01913000,148.29858300,7517.0,7517.0,89.257
2,2016-12-31T05:34:55Z,-33.01978300,148.29830000,7527.0,7527.0,89.324
2,2016-12-31T05:35:05Z,-33.01921600,148.30025000,7537.0,7537.0,89.151
2,2016-12-31T05:35:15Z,-33.01736000,148.30065000,7547.0,7547.0,88.982
2,2016-12-31T05:35:25Z,-33.01758300,148.30073000,7557.0,7557.0,88.993
2,2016-12-31T05:35:35Z,-33.01641600,148.30130000,7567.0,7567.0,88.865
2,2016-12-31T05:35:45Z,-33.01696000,148.30206000,7577.0,7577.0,88.856
2,2016-12-31T05:35:55Z,-33.01545000,148.30286000,7587.0,7587.0,88.685
2,2016-12-31T05:36:05Z,-33.01576000,148.30275000,7597.0,7597.0,88.718
2,2016-12-31T05:36:15Z,-33.01471600,148.30451600,7607.0,7607.0,88.518
2,2016-12-31T05:36:25Z,-33.01358300,148.30405000,7617.0,7617.0,88.463
2,2016-12-31T05:36:35Z,-33.01425000,148.30460000,7627.0,7627.0,88.476
2,2016-12-31T05:36:45Z,-33.01355000,148.30600000,7637.0,7637.0,88.283
2,2016-12-31T05:36:55Z,-33.01203000,148.30675000,7647.0,7647.0,88.161
2,2016-12-31T05:37:05Z,-33.01203000,148.30606000,7657.0,7657.0,88.208
2,2016-12-31T05:37:15Z,-33.01288300,148.30730000,7667.0,7667.0,88.189
2,2016-12-31T05:37:25Z,-33.01268300,148.30951600,7677.0,7677.0,88.024
2,2016-12-31T05:37:35Z,-33.01121600,148.30960000,7687.0,7687.0,87.901
2,2016-12-31T05:37:45Z,-33.01046000,148.30885000,7697.0,7697.0,87.899
2,2016-12-31T05:37:55Z,-33.01050000,148.30806000,7707.0,7707.0,87.955
2,2016-12-31T05:38:05Z,-33.01070000,148.31001600,7717.0,7717.0,87.838
2,2016-12-31T05:38:15Z,-33.00973000,148.31206000,7727.0,7727.0,87.626
2,2016-12-31T05:38:25Z,-33.00813000,148.31201600,7737.0,7737.0,87.507
2,2016-12-31T05:38:36Z,-33.00858300,148.31140000,7748.0,7748.0,87.583
2,2016-12-31T05:38:46Z,-33.00916000,148.31256000,7758.0,7758.0,87.548
2,2016-12-31T05:38:56Z,-33.00755000,148.31283000,7768.0,7768.0,87.407
2,2016-12-31T05:39:06Z,-33.00760000,148.31245000,7778.0,7778.0,87.436
2,2016-12-31T05:39:16Z,-33.00726000,148.31456000,7788.0,7788.0,87.268
2,2016-12-31T05:39:26Z,-33.00555000,148.31486000,7798.0,7798.0,87.116
2,2016-12-31T05:39:36Z,-33.00601600,148.31430000,7808.0,7808.0,87.19
2,2016-12-31T05:39:46Z,-33.00601600,148.31603000,7818.0,7818.0,87.073
2,2016-12-31T05:39:56Z,-33.00491600,148.31548300,7828.0,7828.0,87.026
2,2016-12-31T05:40:06Z,-33.00546000,148.31658300,7838.0,7838.0,86.993
2,2016-12-31T05:40:16Z,-33.00398300,148.31813000,7848.0,7848.0,86.775
2,2016-12-31T05:40:26Z,-33.00253000,148.31760000,7858.0,7858.0,86.696
2,2016-12-31T05:40:36Z,-33.00280000,148.31765000,7868.0,7868.0,86.717
2,2016-12-31T05:40:46Z,-33.00170000,148.31951600,7878.0,7878.0,86.507
2,2016-12-31T05:40:56Z,-33.00025000,148.31911600,7888.0,7888.0,86.423
2,2016-12-31T05:41:06Z,-33.00016000,148.31813000,7898.0,7898.0,86.484
2,2016-12-31T05:41:16Z,-33.00081600,148.31896000,7908.0,7908.0,86.477
2,2016-12-31T05:41:26Z,-32.99976000,148.32100000,7918.0,7918.0,86.259
2,2016-12-31T05:41:36Z,-32.99846000,148.32263000,7928.0,7928.0,86.049
2,2016-12-31T05:41:46Z,-32.99693000,148.32441600,7938.0,7938.0,85.811
2,2016-12-31T05:41:56Z,-32.99548300,148.32646000,7948.0,7948.0,85.561
2,2016-12-31T05:42:06Z,-32.99400000,148.32846000,7958.0,7958.0,85.312
2,2016-12-31T05:42:16Z,-32.99280000,148.33051600,7968.0,7968.0,85.082
2,2016-12-31T05:42:26Z,-32.99146000,148.33235000,7978.0,7978.0,84.855
2,2016-12-31T05:42:36Z,-32.99003000,148.33403000,7988.0,7988.0,84.632
2,2016-12-31T05:42:46Z,-32.98878300,148.33591600,7998.0,7998.0,84.409
2,2016-12-31T05:42:56Z,-32.98771600,148.33781600,8008.0,8008.0,84.199
2,2016-12-31T05:43:07Z,-32.98620000,148.33930000,8019.0,8019.0,83.98
2,2016-12-31T05:43:17Z,-32.98488300,148.34085000,8029.0,8029.0,83.776
2,2016-12-31T05:43:27Z,-32.98376000,148.34260000,8039.0,8039.0,83.573
2,2016-12-31T05:43:37Z,-32.98278300,148.34460000,8049.0,8049.0,83.362
2,2016-12-31T05:43:47Z,-32.98178300,148.34600000,8059.0,8059.0,83.146
2,2016-12-31T05:43:57Z,-32.98083000,148.34878300,8069.0,8069.0,82.93
2,2016-12-31T05:44:07Z,-32.97973000,148.35140000,8079.0,8079.0,82.669
2,2016-12-31T05:44:17Z,-32.97860000,148.35358300,8089.0,8089.0,82.439
2,2016-12-31T05:44:27Z,-32.97741600,148.35556000,8099.0,8099.0,82.21
2,2016-12-31T05:44:37Z,-32.97646000,148.35776000,8109.0,8109.0,81.988
2,2016-12-31T05:44:47Z,-32.97550000,148.35993000,8119.0,8119.0,81.768
2,2016-12-31T05:44:57Z,-32.97396000,148.36173000,8129.0,8129.0,81.529
2,2016-12-31T05:45:07Z,-32.97251600,148.36368300,8139.0,8139.0,81.286
2,2016-12-31T05:45:17Z,-32.97161600,148.36593000,8149.0,8149.0,81.065
2,2016-12-31T05:45:27Z,-32.97068300,148.36811600,8159.0,8159.0,80.846
2,2016-12-31T05:45:37Z,-32.96910000,148.37005000,8169.0,8169.0,80.594
2,2016-12-31T05:45:47Z,-32.96760000,148.37203000,8179.0,8179.0,80.35
2,2016-12-31T05:45:57Z,-32.96631600,148.37400000,8189.0,8189.0,80.114
2,2016-12-31T05:46:07Z,-32.96535000,148.37610000,8199.0,8199.0,79.898
2,2016-12-31T05:46:17Z,-32.96396000,148.37820000,8209.0,8209.0,79.651
2,2016-12-31T05:46:27Z,-32.96268300,148.38026000,8219.0,8219.0,79.413
2,2016-12-31T05:46:38Z,-32.96135000,148.38226000,8230.0,8230.0,79.176
2,2016-12-31T05:46:48Z,-32.96028300,148.38430000,8240.0,8240.0,78.954
2,2016-12-31T05:46:58Z,-32.95925000,148.38648300,8250.0,8250.0,78.73
2,2016-12-31T05:47:08Z,-32.95811600,148.38860000,8260.0,8260.0,78.501
2,2016-12-31T05:47:18Z,-32.95730000,148.39080000,8270.0,8270.0,78.29
2,2016-12-31T05:47:28Z,-32.95583000,148.39280000,8280.0,8280.0,78.043
2,2016-12-31T05:47:38Z,-32.95408300,148.39383000,8290.0,8290.0,77.838
2,2016-12-31T05:47:48Z,-32.95235000,148.39460000,8300.0,8300.0,77.648
2,2016-12-31T05:47:58Z,-32.95111600,148.39681600,8310.0,8310.0,77.409
2,2016-12-31T05:48:08Z,-32.95028300,148.39911600,8320.0,8320.0,77.19
2,2016-12-31T05:48:18Z,-32.94905000,148.40095000,8330.0,8330.0,76.972
2,2016-12-31T05:48:28Z,-32.94801600,148.40286000,8340.0,8340.0,76.764
2,2016-12-31T05:48:38Z,-32.94701600,148.40493000,8350.0,8350.0,76.548
2,2016-12-31T05:48:48Z,-32.94555000,148.40685000,8360.0,8360.0,76.306
2,2016-12-31T05:48:58Z,-32.94386000,148.40808300,8370.0,8370.0,76.093
2,2016-12-31T05:49:08Z,-32.94198300,148.40798300,8380.0,8380.0,75.954
2,2016-12-31T05:49:18Z,-32.94030000,148.40760000,8390.0,8390.0,75.845
2,2016-12-31T05:49:28Z,-32.93895000,148.40696000,8400.0,8400.0,75.788
2,2016-12-31T05:49:38Z,-32.93781600,148.40768300,8410.0,8410.0,75.652
2,2016-12-31T05:49:48Z,-32.93861600,148.40853000,8420.0,8420.0,75.657
2,2016-12-31T05:49:58Z,-32.93778300,148.40816000,8430.0,8430.0,75.617
2,2016-12-31T05:50:08Z,-32.93636000,148.40948300,8440.0,8440.0,75.419
2,2016-12-31T05:50:18Z,-32.93676000,148.41026000,8450.0,8450.0,75.397
2,2016-12-31T05:50:28Z,-32.93580000,148.41063000,8460.0,8460.0,75.298
2,2016-12-31T05:50:38Z,-32.93593000,148.41046000,8470.0,8470.0,75.32
2,2016-12-31T05:50:48Z,-32.93588300,148.41126000,8480.0,8480.0,75.262
2,2016-12-31T05:50:58Z,-32.93481600,148.41120000,8490.0,8490.0,75.184
2,2016-12-31T05:51:08Z,-32.93526000,148.41136000,8500.0,8500.0,75.208
2,2016-12-31T05:51:18Z,-32.93386000,148.41183000,8510.0,8510.0,75.069
2,2016-12-31T05:51:29Z,-32.93370000,148.41340000,8521.0,8521.0,74.95
2,2016-12-31T05:51:39Z,-32.93295000,148.41315000,8531.0,8531.0,74.909
2,2016-12-31T05:51:49Z,-32.93305000,148.41446000,8541.0,8541.0,74.828
2,2016-12-31T05:51:59Z,-32.93258300,148.41338300,8551.0,8551.0,74.865
2,2016-12-31T05:52:09Z,-32.93106000,148.41393000,8561.0,8561.0,74.712
2,2016-12-31T05:52:19Z,-32.93073000,148.41563000,8571.0,8571.0,74.571
2,2016-12-31T05:52:29Z,-32.93045000,148.41461600,8581.0,8581.0,74.618
2,2016-12-31T05:52:39Z,-32.92905000,148.41400000,8591.0,8591.0,74.552
2,2016-12-31T05:52:49Z,-32.92891600,148.41573000,8601.0,8601.0,74.425
2,2016-12-31T05:52:59Z,-32.92955000,148.41538300,8611.0,8611.0,74.497
2,2016-12-31T05:53:09Z,-32.92860000,148.41440000,8621.0,8621.0,74.491
2,2016-12-31T05:53:19Z,-32.92690000,148.41415000,8631.0,8631.0,74.377
2,2016-12-31T05:53:29Z,-32.92536000,148.41506000,8641.0,8641.0,74.198
2,2016-12-31T05:53:39Z,-32.92506000,148.41700000,8651.0,8651.0,74.044
2,2016-12-31T05:53:49Z,-32.92350000,148.41848300,8661.0,8661.0,73.824
2,2016-12-31T05:53:59Z,-32.92180000,148.41960000,8671.0,8671.0,73.618
2,2016-12-31T05:54:09Z,-32.92031600,148.42083000,8681.0,8681.0,73.421
2,2016-12-31T05:54:19Z,-32.91853000,148.42226000,8691.0,8691.0,73.188
2,2016-12-31T05:54:29Z,-32.91700000,148.42393000,8701.0,8701.0,72.957
2,2016-12-31T05:54:39Z,-32.91618300,148.42600000,8711.0,8711.0,72.755
2,2016-12-31T05:54:49Z,-32.91511600,148.42793000,8721.0,8721.0,72.542
2,2016-12-31T05:54:59Z,-32.91395000,148.42995000,8731.0,8731.0,72.316
2,2016-12-31T05:55:09Z,-32.91241600,148.43151600,8741.0,8741.0,72.093
2,2016-12-31T05:55:19Z,-32.91090000,148.43305000,8751.0,8751.0,71.873
2,2016-12-31T05:55:29Z,-32.90936000,148.43453000,8761.0,8761.0,71.655
2,2016-12-31T05:55:39Z,-32.90801600,148.43628300,8771.0,8771.0,71.434
2,2016-12-31T05:55:49Z,-32.90626000,148.43746000,8781.0,8781.0,71.22
2,2016-12-31T05:56:00Z,-32.90450000,148.43906000,8792.0,8792.0,70.976
2,2016-12-31T05:56:10Z,-32.90288300,148.44076000,8802.0,8802.0,70.737
2,2016-12-31T05:56:20Z,-32.90101600,148.44211600,8812.0,8812.0,70.503
2,2016-12-31T05:56:30Z,-32.89971600,148.44388300,8822.0,8822.0,70.284
2,2016-12-31T05:56:40Z,-32.89818300,148.44553000,8832.0,8832.0,70.055
2,2016-12-31T05:56:50Z,-32.89651600,148.44693000,8842.0,8842.0,69.833
2,2016-12-31T05:57:00Z,-32.89498300,148.44826000,8852.0,8852.0,69.625
2,2016-12-31T05:57:10Z,-32.89350000,148.44963000,8862.0,8862.0,69.419
2,2016-12-31T05:57:20Z,-32.89188300,148.45105000,8872.0,8872.0,69.2
2,2016-12-31T05:57:30Z,-32.89008300,148.45220000,8882.0,8882.0,68.985
2,2016-12-31T05:57:40Z,-32.88801600,148.45308300,8892.0,8892.0,68.768
2,2016-12-31T05:57:50Z,-32.88618300,148.45383000,8902.0,8902.0,68.578
2,2016-12-31T05:58:00Z,-32.88430000,148.45425000,8912.0,8912.0,68.407
2,2016-12-31T05:58:10Z,-32.88250000,148.45493000,8922.0,8922.0,68.224
2,2016-12-31T05:58:20Z,-32.88115000,148.45658300,8932.0,8932.0,68.009
2,2016-12-31T05:58:30Z,-32.87983000,148.45843000,8942.0,8942.0,67.783
2,2016-12-31T05:58:40Z,-32.87846000,148.46038300,8952.0,8952.0,67.546
2,2016-12-31T05:58:50Z,-32.87760000,148.46246000,8962.0,8962.0,67.337
2,2016-12-31T05:59:00Z,-32.87718300,148.46458300,8972.0,8972.0,67.161
2,2016-12-31T05:59:10Z,-32.87636000,148.46670000,8982.0,8982.0,66.954
2,2016-12-31T05:59:20Z,-32.87540000,148.46880000,8992.0,8992.0,66.738
2,2016-12-31T05:59:30Z,-32.87470000,148.47101600,9002.0,9002.0,66.533
2,2016-12-31T05:59:40Z,-32.87415000,148.47331600,9012.0,9012.0,66.334
2,2016-12-31T05:59:50Z,-32.87311600,148.47540000,9022.0,9022.0,66.114
2,2016-12-31T06:00:00Z,-32.87205000,148.47730000,9032.0,9032.0,65.901
2,2016-12-31T06:00:10Z,-32.87121600,148.47940000,9042.0,9042.0,65.697
2,2016-12-31T06:00:20Z,-32.87140000,148.48151600,9052.0,9052.0,65.567
2,2016-12-31T06:00:30Z,-32.87071600,148.48375000,9062.0,9062.0,65.364
2,2016-12-31T06:00:40Z,-32.86951600,148.48565000,9072.0,9072.0,65.143
2,2016-12-31T06:00:50Z,-32.86968300,148.48723000,9082.0,9082.0,65.049
2,2016-12-31T06:01:00Z,-32.86930000,148.48688300,9092.0,9092.0,65.043
2,2016-12-31T06:01:10Z,-32.86926000,148.48808300,9102.0,9102.0,64.959
2,2016-12-31T06:01:20Z,-32.86915000,148.48723000,9112.0,9112.0,65.008
2,2016-12-31T06:01:31Z,-32.86765000,148.48806000,9123.0,9123.0,64.836
2,2016-12-31T06:01:41Z,-32.86780000,148.48845000,9133.0,9133.0,64.822
2,2016-12-31T06:01:51Z,-32.86735000,148.48986000,9143.0,9143.0,64.692
2,2016-12-31T06:02:01Z,-32.86673000,148.49005000,9153.0,9153.0,64.632
2,2016-12-31T06:02:11Z,-32.86670000,148.49023000,9163.0,9163.0,64.617
2,2016-12-31T06:02:21Z,-32.86588300,148.49196000,9173.0,9173.0,64.437
2,2016-12-31T06:02:31Z,-32.86518300,148.49226000,9183.0,9183.0,64.363
2,2016-12-31T06:02:41Z,-32.86501600,148.49250000,9193.0,9193.0,64.335
2,2016-12-31T06:02:51Z,-32.86478300,148.49346000,9203.0,9203.0,64.251
2,2016-12-31T06:03:01Z,-32.86413000,148.49410000,9213.0,9213.0,64.159
2,2016-12-31T06:03:11Z,-32.86345000,148.49398300,9223.0,9223.0,64.114
2,2016-12-31T06:03:21Z,-32.86343000,148.49445000,9233.0,9233.0,64.081
2,2016-12-31T06:03:31Z,-32.86258300,148.49571600,9243.0,9243.0,63.93
2,2016-12-31T06:03:41Z,-32.86181600,148.49585000,9253.0,9253.0,63.863
2,2016-12-31T06:03:51Z,-32.86163000,148.49560000,9263.0,9263.0,63.861
2,2016-12-31T06:04:01Z,-32.86130000,148.49600000,9273.0,9273.0,63.77
2,2016-12-31T06:04:11Z,-32.86038300,148.49721600,9283.0,9283.0,63.66
2,2016-12-31T06:04:21Z,-32.85988300,148.49713000,9293.0,9293.0,63.628
2,2016-12-31T06:04:31Z,-32.86006000,148.49823000,9303.0,9303.0,63.567
2,2016-12-31T06:04:41Z,-32.85928300,148.49860000,9313.0,9313.0,63.482
2,2016-12-31T06:04:51Z,-32.85870000,148.49846000,9323.0,9323.0,63.447
2,2016-12-31T06:05:01Z,-32.85891600,148.49916000,9333.0,9333.0,63.416
2,2016-12-31T06:05:11Z,-32.85785000,148.49998300,9343.0,9343.0,63.279
2,2016-12-31T06:05:21Z,-32.85818300,148.49986000,9353.0,9353.0,63.312
2,2016-12-31T06:05:31Z,-32.85676000,148.49993000,9363.0,9363.0,63.199
2,2016-12-31T06:05:41Z,-32.85706000,148.50051600,9373.0,9373.0,63.183
2,2016-12-31T06:05:51Z,-32.85540000,148.50093000,9383.0,9383.0,63.027
2,2016-12-31T06:06:01Z,-32.85520000,148.50256000,9393.0,9393.0,62.901
2,2016-12-31T06:06:11Z,-32.85598300,148.50363000,9403.0,9403.0,62.889
2,2016-12-31T06:06:21Z,-32.85646000,148.50358300,9413.0,9413.0,62.929
2,2016-12-31T06:06:31Z,-32.85501600,148.50446000,9423.0,9423.0,62.758
2,2016-12-31T06:06:41Z,-32.85556000,148.50540000,9433.0,9433.0,62.737
2,2016-12-31T06:06:51Z,-32.85463000,148.50461600,9443.0,9443.0,62.719
2,2016-12-31T06:07:01Z,-32.85303000,148.50580000,9453.0,9453.0,62.516
2,2016-12-31T06:07:11Z,-32.85338300,148.50671600,9463.0,9463.0,62.481
2,2016-12-31T06:07:21Z,-32.85181600,148.50686000,9473.0,9473.0,62.351
2,2016-12-31T06:07:31Z,-32.85170000,148.50753000,9483.0,9483.0,62.297
2,2016-12-31T06:07:41Z,-32.85015000,148.50826000,9493.0,9493.0,62.128
2,2016-12-31T06:07:51Z,-32.85040000,148.50878300,9503.0,9503.0,62.112
2,2016-12-31T06:08:01Z,-32.84885000,148.50831600,9513.0,9513.0,62.026
2,2016-12-31T06:08:11Z,-32.84821600,148.51003000,9523.0,9523.0,61.861
2,2016-12-31T06:08:21Z,-32.84848300,148.50986000,9533.0,9533.0,61.892
2,2016-12-31T06:08:32Z,-32.84716000,148.51100000,9544.0,9544.0,61.715
2,2016-12-31T06:08:42Z,-32.84711600,148.51103000,9554.0,9554.0,61.709
2,2016-12-31T06:08:52Z,-32.84626000,148.51230000,9564.0,9564.0,61.558
2,2016-12-31T06:09:02Z,-32.84630000,148.51180000,9574.0,9574.0,61.597
2,2016-12-31T06:09:12Z,-32.84488300,148.51308300,9584.0,9584.0,61.399
2,2016-12-31T06:09:22Z,-32.84528300,148.51398300,9594.0,9594.0,61.369
2,2016-12-31T06:09:32Z,-32.84435000,148.51303000,9604.0,9604.0,61.362
2,2016-12-31T06:09:42Z,-32.84320000,148.51435000,9614.0,9614.0,61.185
2,2016-12-31T06:09:52Z,-32.84281600,148.51393000,9624.0,9624.0,61.184
2,2016-12-31T06:10:02Z,-32.84241600,148.51526000,9634.0,9634.0,61.063
2,2016-12-31T06:10:12Z,-32.84126000,148.51480000,9644.0,9644.0,61.007
2,2016-12-31T06:10:22Z,-32.84120000,148.51600000,9654.0,9654.0,60.92
2,2016-12-31T06:10:32Z,-32.84000000,148.51573000,9664.0,9664.0,60.847
2,2016-12-31T06:10:42Z,-32.84025000,148.51631600,9674.0,9674.0,60.826
2,2016-12-31T06:10:52Z,-32.83886000,148.51613000,9684.0,9684.0,60.734
2,2016-12-31T06:11:02Z,-32.83901600,148.51728300,9694.0,9694.0,60.667
2,2016-12-31T06:11:12Z,-32.83776000,148.51726000,9704.0,9704.0,60.573
2,2016-12-31T06:11:22Z,-32.83798300,148.51751600,9714.0,9714.0,60.572
2,2016-12-31T06:11:32Z,-32.83631600,148.51755000,9724.0,9724.0,60.443
2,2016-12-31T06:11:42Z,-32.83598300,148.51901600,9734.0,9734.0,60.318
2,2016-12-31T06:11:52Z,-32.83646000,148.51896000,9744.0,9744.0,60.358
2,2016-12-31T06:12:02Z,-32.83696000,148.51850000,9754.0,9754.0,60.428
2,2016-12-31T06:12:12Z,-32.83605000,148.51751600,9764.0,9764.0,60.426
2,2016-12-31T06:12:22Z,-32.83591600,148.51880000,9774.0,9774.0,60.328
2,2016-12-31T06:12:32Z,-32.83560000,148.51788300,9784.0,9784.0,60.366
2,2016-12-31T06:12:42Z,-32.83535000,148.51870000,9794.0,9794.0,60.292
2,2016-12-31T06:12:52Z,-32.83401600,148.51853000,9804.0,9804.0,60.202
2,2016-12-31T06:13:03Z,-32.83396000,148.52008300,9815.0,9815.0,60.092
2,2016-12-31T06:13:13Z,-32.83461600,148.52030000,9825.0,9825.0,60.124
2,2016-12-31T06:13:23Z,-32.83000000,148.52023000,9835.0,9835.0,60.034
2,2016-12-31T06:13:33Z,-32.83213000,148.52205000,9845.0,9845.0,59.819
2,2016-12-31T06:13:43Z,-32.83220000,148.52360000,9855.0,9855.0,59.718
2,2016-12-31T06:13:53Z,-32.83295000,148.52440000,9865.0,9865.0,59.72
2,2016-12-31T06:14:03Z,-32.83306000,148.52373000,9875.0,9875.0,59.774
2,2016-12-31T06:14:13Z,-32.83175000,148.52291600,9885.0,9885.0,59.73
2,2016-12-31T06:14:23Z,-32.83053000,148.52200000,9895.0,9895.0,59.701
2,2016-12-31T06:14:33Z,-32.82923000,148.52085000,9905.0,9905.0,59.682
2,2016-12-31T06:14:43Z,-32.82851600,148.51953000,9915.0,9915.0,59.719
2,2016-12-31T06:14:53Z,-32.82796000,148.51840000,9925.0,9925.0,59.756
2,2016-12-31T06:15:03Z,-32.82808300,148.51736000,9935.0,9935.0,59.836
2,2016-12-31T06:15:13Z,-32.82771600,148.51625000,9945.0,9945.0,59.886
2,2016-12-31T06:15:23Z,-32.82778300,148.51536000,9955.0,9955.0,59.952
2,2016-12-31T06:15:34Z,-32.82791600,148.51430000,9966.0,9966.0,60.034
2,2016-12-31T06:15:44Z,-32.82685000,148.51390000,9976.0,9976.0,59.985
2,2016-12-31T06:15:54Z,-32.82646000,148.51553000,9986.0,9986.0,59.843
2,2016-12-31T06:16:04Z,-32.82668300,148.51498300,9996.0,9996.0,59.897
2,2016-12-31T06:16:14Z,-32.82500000,148.51468300,10006.0,10006.0,59.793
2,2016-12-31T06:16:24Z,-32.82365000,148.51620000,10016.0,10016.0,59.587
2,2016-12-31T06:16:34Z,-32.82243000,148.51788300,10026.0,10026.0,59.38
2,2016-12-31T06:16:44Z,-32.82100000,148.51930000,10036.0,10036.0,59.175
2,2016-12-31T06:16:54Z,-32.82028300,148.52126000,10046.0,10046.0,58.985
2,2016-12-31T06:17:04Z,-32.81921600,148.52313000,10056.0,10056.0,58.776
2,2016-12-31T06:17:14Z,-32.81795000,148.52500000,10066.0,10066.0,58.552
2,2016-12-31T06:17:24Z,-32.81686000,148.52683000,10076.0,10076.0,58.344
2,2016-12-31T06:17:34Z,-32.81546000,148.52841600,10086.0,10086.0,58.13
2,2016-12-31T06:17:45Z,-32.81390000,148.52996000,10097.0,10097.0,57.905
2,2016-12-31T06:17:55Z,-32.81193000,148.53100000,10107.0,10107.0,57.688
2,2016-12-31T06:18:05Z,-32.81018300,148.53201600,10117.0,10117.0,57.487
2,2016-12-31T06:18:15Z,-32.80838300,148.53278300,10127.0,10127.0,57.301
2,2016-12-31T06:18:25Z,-32.80653000,148.53351600,10137.0,10137.0,57.113
2,2016-12-31T06:18:36Z,-32.80468300,148.53440000,10148.0,10148.0,56.915
2,2016-12-31T06:18:46Z,-32.80303000,148.53530000,10158.0,10158.0,56.728
2,2016-12-31T06:18:56Z,-32.80121600,148.53628300,10168.0,10168.0,56.528
2,2016-12-31T06:19:06Z,-32.79978300,148.53793000,10178.0,10178.0,56.307
2,2016-12-31T06:19:16Z,-32.79876000,148.53980000,10188.0,10188.0,56.101
2,2016-12-31T06:19:26Z,-32.79810000,148.54181600,10198.0,10198.0,55.911
2,2016-12-31T06:19:36Z,-32.79706000,148.54353000,10208.0,10208.0,55.714
2,2016-12-31T06:19:46Z,-32.79546000,148.54483000,10218.0,10218.0,55.505
2,2016-12-31T06:19:56Z,-32.79370000,148.54581600,10228.0,10228.0,55.307
2,2016-12-31T06:20:06Z,-32.79218300,148.54746000,10238.0,10238.0,55.08
2,2016-12-31T06:20:16Z,-32.79075000,148.54930000,10248.0,10248.0,54.843
2,2016-12-31T06:20:26Z,-32.78960000,148.55118300,10258.0,10258.0,54.629
2,2016-12-31T06:20:36Z,-32.78793000,148.55231600,10268.0,10268.0,54.427
2,2016-12-31T06:20:46Z,-32.78620000,148.55351600,10278.0,10278.0,54.216
2,2016-12-31T06:20:56Z,-32.78540000,148.55530000,10288.0,10288.0,54.032
2,2016-12-31T06:21:06Z,-32.78450000,148.55711600,10298.0,10298.0,53.838
2,2016-12-31T06:21:16Z,-32.78383000,148.55888300,10308.0,10308.0,53.665
2,2016-12-31T06:21:26Z,-32.78310000,148.56055000,10318.0,10318.0,53.494
2,2016-12-31T06:21:37Z,-32.78153000,148.56140000,10329.0,10329.0,53.32
2,2016-12-31T06:21:47Z,-32.77983000,148.56100000,10339.0,10339.0,53.224
2,2016-12-31T06:21:57Z,-32.77870000,148.55996000,10349.0,10349.0,53.214
2,2016-12-31T06:22:07Z,-32.77885000,148.55878300,10359.0,10359.0,53.309
2,2016-12-31T06:22:17Z,-32.77960000,148.55883000,10369.0,10369.0,53.365
2,2016-12-31T06:22:27Z,-32.78070000,148.55906000,10379.0,10379.0,53.423
2,2016-12-31T06:22:37Z,-32.78143000,148.55860000,10389.0,10389.0,53.51
2,2016-12-31T06:22:47Z,-32.78143000,148.55858300,10399.0,10399.0,53.511
2,2016-12-31T06:22:57Z,-32.78143000,148.55858300,10409.0,10409.0,53.511
2,2016-12-31T06:23:07Z,-32.78143000,148.55858300,10419.0,10419.0,53.511
2,2016-12-31T06:23:17Z,-32.78143000,148.55858300,10429.0,10429.0,53.511
2,2016-12-31T06:23:28Z,-32.78143000,148.55858300,10440.0,10440.0,53.511
2,2016-12-31T06:23:38Z,-32.78143000,148.55858300,10450.0,10450.0,53.511
2,2016-12-31T06:23:48Z,-32.78143000,148.55858300,10460.0,10460.0,53.511
2,2016-12-31T06:23:58Z,-32.78143000,148.55858300,10470.0,10470.0,53.511
2,2016-12-31T06:24:08Z,-32.78143000,148.55858300,10480.0,10480.0,53.511
2,2016-12-31T06:24:18Z,-32.78183000,148.55865000,10490.0,10490.0,53.535
